id_n,Year,weight,Employment_Income,pitax,pitax1,pitax2,pitax_diff
2,2022,40,60000,8370,8370,8370,0
6,2022,40,240000,66000,66000,66000,0
7,2022,3994,75000,11970,11970,11970,0
8,2022,3994,70000,10720,10720,10720,0
9,2022,3994,80000,13220,13220,13220,0
11,2022,41,36000,3690,3690,3690,0
12,2022,41,21600,1530,1530,1530,0
13,2022,41,9000,180,180,180,0
14,2022,4176,21600,1530,1530,1530,0
16,2022,4176,48000,5970,5970,5970,0
17,2022,4176,27500,2415,2415,2415,0
18,2022,2112,48000,5970,5970,5970,0
19,2022,2112,36000,3690,3690,3690,0
20,2022,2112,30000,2790,2790,2790,0
23,2022,343,21600,1530,1530,1530,0
24,2022,343,63600,9120,9120,9120,0
28,2022,40,130000,27540,27540,27540,0
32,2022,41,64600,9370,9370,9370,0
34,2022,2536,20000,1290,1290,1290,0
35,2022,3994,60000,8370,8370,8370,0
41,2022,40,48000,5970,5970,5970,0
42,2022,40,48000,5970,5970,5970,0
49,2022,69,5700,0,0,0,0
69,2022,4499,48000,5970,5970,5970,0
75,2022,69,36000,3690,3690,3690,0
76,2022,4551,57600,7890,7890,7890,0
80,2022,70,5700,0,0,0,0
100,2022,503,37560,3924,3924,3924,0
101,2022,503,31300,2985,2985,2985,0
104,2022,36,19200,1200,1200,1200,0
113,2022,38,8000,80,80,80,0
124,2022,2861,16500,930,930,930,0
129,2022,38,81000,13470,13470,13470,0
130,2022,38,60000,8370,8370,8370,0
135,2022,36,39996,4369,4369,4369,0
136,2022,36,12000,480,480,480,0
149,2022,3554,74400,11820,11820,11820,0
150,2022,3554,55308,7432,7432,7432,0
151,2022,622,48000,5970,5970,5970,0
166,2022,671,24000,1890,1890,1890,0
168,2022,57,8018,82,82,82,0
170,2022,5433,73200,11520,11520,11520,0
171,2022,5433,130,0,0,0,0
175,2022,4917,144000,32400,32400,32400,0
188,2022,55,100800,18780,18780,18780,0
310,2022,128,18000,1080,1080,1080,0
311,2022,128,7500,30,30,30,0
387,2022,771,45600,5490,5490,5490,0
403,2022,86,20400,1350,1350,1350,0
539,2022,1377,57600,7890,7890,7890,0
540,2022,1377,4800,0,0,0,0
542,2022,1095,101500,18990,18990,18990,0
543,2022,1095,2100,0,0,0,0
544,2022,73,12000,480,480,480,0
545,2022,73,2688,0,0,0,0
546,2022,2638,19200,1200,1200,1200,0
548,2022,115,72000,11220,11220,11220,0
557,2022,66,74316,11799,11799,11799,0
558,2022,66,84420,14325,14325,14325,0
565,2022,179,28128,2509,2509,2509,0
567,2022,1063,74316,11799,11799,11799,0
570,2022,11162,16800,960,960,960,0
609,2022,2952,1600,0,0,0,0
628,2022,7580,10800,360,360,360,0
664,2022,4369,5600,0,0,0,0
671,2022,105,1350,0,0,0,0
683,2022,3515,8400,120,120,120,0
714,2022,693,4000,0,0,0,0
717,2022,176,14400,720,720,720,0
737,2022,6769,46090,5588,5588,5588,0
738,2022,6769,100000,18540,18540,18540,0
739,2022,6769,14000,680,680,680,0
741,2022,10790,56200,7610,7610,7610,0
742,2022,10790,56200,7610,7610,7610,0
743,2022,10790,46800,5730,5730,5730,0
744,2022,1355,11760,456,456,456,0
778,2022,174,7200,0,0,0,0
800,2022,272,90500,15845,15845,15845,0
801,2022,869,67308,10047,10047,10047,0
802,2022,869,45672,5504,5504,5504,0
841,2022,3864,13500,630,630,630,0
852,2022,41,108000,20940,20940,20940,0
859,2022,41,18000,1080,1080,1080,0
887,2022,605,64296,9294,9294,9294,0
895,2022,6,224220,60477,60477,60477,0
896,2022,6,110952,21826,21826,21826,0
899,2022,602,63732,9153,9153,9153,0
900,2022,6,158184,37364,37364,37364,0
902,2022,6,157116,36991,36991,36991,0
903,2022,6,43152,5000,5000,5000,0
904,2022,602,243960,67386,67386,67386,0
905,2022,597,7192,0,0,0,0
906,2022,597,145024,32758,32758,32758,0
907,2022,597,2000,0,0,0,0
909,2022,597,43152,5000,5000,5000,0
910,2022,597,110688,21746,21746,21746,0
912,2022,8,42480,4866,4866,4866,0
914,2022,602,57936,7957,7957,7957,0
915,2022,602,35388,3598,3598,3598,0
917,2022,6,81144,13506,13506,13506,0
927,2022,1880,39600,4290,4290,4290,0
947,2022,2645,17436,1024,1024,1024,0
964,2022,70,18000,1080,1080,1080,0
977,2022,177,90000,15720,15720,15720,0
985,2022,5170,64296,9294,9294,9294,0
1000,2022,52,26810,2312,2312,2312,0
1010,2022,517,55308,7432,7432,7432,0
1028,2022,3314,54000,7170,7170,7170,0
1034,2022,1727,90000,15720,15720,15720,0
1042,2022,33,84852,14433,14433,14433,0
1083,2022,2055,30000,2790,2790,2790,0
1088,2022,4169,15000,780,780,780,0
1193,2022,488,24000,1890,1890,1890,0
1194,2022,488,67200,10020,10020,10020,0
1208,2022,488,84852,14433,14433,14433,0
1213,2022,488,70710,10898,10898,10898,0
1217,2022,1250,1500,0,0,0,0
1218,2022,5992,84852,14433,14433,14433,0
1220,2022,5992,63600,9120,9120,9120,0
1221,2022,10300,15600,840,840,840,0
1230,2022,12297,3500,0,0,0,0
1234,2022,11375,7000,0,0,0,0
1243,2022,15556,13160,596,596,596,0
1265,2022,16662,19600,1240,1240,1240,0
1283,2022,503,88053,15233,15233,15233,0
1284,2022,838,38440,4058,4058,4058,0
1318,2022,10044,84852,14433,14433,14433,0
1319,2022,10044,39996,4369,4369,4369,0
1320,2022,1248,4200,0,0,0,0
1321,2022,1248,16800,960,960,960,0
1324,2022,752,8400,120,120,120,0
1328,2022,752,42900,4950,4950,4950,0
1329,2022,10502,15750,855,855,855,0
1347,2022,14061,5000,0,0,0,0
1352,2022,3809,59556,8281,8281,8281,0
1354,2022,3809,9600,240,240,240,0
1357,2022,719,55308,7432,7432,7432,0
1358,2022,719,41481,4666,4666,4666,0
1367,2022,9273,22400,1650,1650,1650,0
1371,2022,441,42700,4910,4910,4910,0
1373,2022,441,45500,5470,5470,5470,0
1375,2022,441,800,0,0,0,0
1378,2022,1623,10,0,0,0,0
1380,2022,481,32900,3225,3225,3225,0
1385,2022,449,48000,5970,5970,5970,0
1390,2022,441,88053,15233,15233,15233,0
1391,2022,441,23331,1790,1790,1790,0
1395,2022,441,43620,5094,5094,5094,0
1408,2022,14700,24000,1890,1890,1890,0
1410,2022,612,70000,10720,10720,10720,0
1418,2022,5398,67860,10185,10185,10185,0
1420,2022,11130,9000,180,180,180,0
1431,2022,6937,12000,480,480,480,0
1444,2022,9085,7200,0,0,0,0
1456,2022,5562,9000,180,180,180,0
1511,2022,2965,700,0,0,0,0
1548,2022,6964,77000,12470,12470,12470,0
1549,2022,6964,46090,5588,5588,5588,0
1555,2022,7284,29997,2790,2790,2790,0
1557,2022,7302,40535,4477,4477,4477,0
1558,2022,7302,12000,480,480,480,0
1613,2022,8080,1800,0,0,0,0
1615,2022,3941,19476,1228,1228,1228,0
1698,2022,9211,108672,21142,21142,21142,0
1703,2022,496,58500,8070,8070,8070,0
1704,2022,496,24000,1890,1890,1890,0
1710,2022,538,10000,280,280,280,0
1718,2022,3103,36000,3690,3690,3690,0
1724,2022,487,50400,6450,6450,6450,0
1726,2022,7986,78000,12720,12720,12720,0
1731,2022,1338,36000,3690,3690,3690,0
1739,2022,1701,28200,2520,2520,2520,0
1742,2022,5884,135660,29481,29481,29481,0
1789,2022,17811,3000,0,0,0,0
1800,2022,4058,18000,1080,1080,1080,0
1805,2022,17363,52500,6870,6870,6870,0
1829,2022,4652,108000,20940,20940,20940,0
1830,2022,4652,100500,18690,18690,18690,0
1836,2022,9249,9000,180,180,180,0
1871,2022,598,54000,7170,7170,7170,0
1872,2022,598,690,0,0,0,0
1874,2022,10252,40000,4370,4370,4370,0
1876,2022,12998,25000,2040,2040,2040,0
1923,2022,4990,62280,8826,8826,8826,0
1929,2022,567,72000,11220,11220,11220,0
1938,2022,1445,70710,10898,10898,10898,0
1943,2022,567,50750,6520,6520,6520,0
1955,2022,6146,3360,0,0,0,0
1958,2022,13608,16800,960,960,960,0
1959,2022,13608,25200,2070,2070,2070,0
2049,2022,495,67200,10020,10020,10020,0
2178,2022,1294,120000,24540,24540,24540,0
2185,2022,7738,84852,14433,14433,14433,0
2194,2022,10401,108672,21142,21142,21142,0
2195,2022,520,96204,17401,17401,17401,0
2196,2022,520,80170,13262,13262,13262,0
2199,2022,6185,32760,3204,3204,3204,0
2212,2022,14372,12600,540,540,540,0
2223,2022,703,3000,0,0,0,0
2287,2022,12004,15750,855,855,855,0
2325,2022,850,9000,180,180,180,0
2333,2022,8011,12960,576,576,576,0
2334,2022,632,12000,480,480,480,0
2335,2022,632,15000,780,780,780,0
2339,2022,3398,7200,0,0,0,0
2342,2022,694,3150,0,0,0,0
2351,2022,4472,3640,0,0,0,0
2352,2022,4472,1680,0,0,0,0
2353,2022,11869,29400,2700,2700,2700,0
2354,2022,11869,1680,0,0,0,0
2359,2022,11954,5600,0,0,0,0
2360,2022,11194,3150,0,0,0,0
2446,2022,4493,27000,2340,2340,2340,0
2460,2022,6993,37158,3864,3864,3864,0
2461,2022,6993,55896,7549,7549,7549,0
2480,2022,501,93600,16620,16620,16620,0
2507,2022,9027,85020,14475,14475,14475,0
2508,2022,9027,27118,2358,2358,2358,0
2515,2022,769,125790,26277,26277,26277,0
2516,2022,3989,10800,360,360,360,0
2521,2022,581,18600,1140,1140,1140,0
2524,2022,2031,4800,0,0,0,0
2536,2022,7726,24000,1890,1890,1890,0
2554,2022,18578,2100,0,0,0,0
2568,2022,13881,6000,0,0,0,0
2572,2022,18051,12000,480,480,480,0
2583,2022,17422,3360,0,0,0,0
2592,2022,10233,8000,80,80,80,0
2646,2022,7337,133176,28612,28612,28612,0
2667,2022,23910,7200,0,0,0,0
2670,2022,13888,42000,4770,4770,4770,0
2679,2022,30519,33600,3330,3330,3330,0
2805,2022,1733,900,0,0,0,0
2807,2022,1733,800,0,0,0,0
2815,2022,466,25200,2070,2070,2070,0
2841,2022,4400,4500,0,0,0,0
2843,2022,3991,34464,3460,3460,3460,0
2888,2022,4172,20400,1350,1350,1350,0
2897,2022,11146,37200,3870,3870,3870,0
2903,2022,13781,18000,1080,1080,1080,0
2929,2022,14992,7000,0,0,0,0
2946,2022,5742,96204,17401,17401,17401,0
2947,2022,5742,96204,17401,17401,17401,0
2952,2022,487,49497,6269,6269,6269,0
2955,2022,487,7800,60,60,60,0
2956,2022,13782,174468,43064,43064,43064,0
2962,2022,23630,36000,3690,3690,3690,0
2971,2022,14438,138000,30300,30300,30300,0
2973,2022,14438,72000,11220,11220,11220,0
2975,2022,8324,179400,44790,44790,44790,0
2979,2022,487,60000,8370,8370,8370,0
2982,2022,487,37100,3855,3855,3855,0
2984,2022,480,84852,14433,14433,14433,0
2990,2022,480,183348,46172,46172,46172,0
3115,2022,12002,16800,960,960,960,0
3116,2022,9457,13600,640,640,640,0
3121,2022,6988,14000,680,680,680,0
3127,2022,10878,16000,880,880,880,0
3150,2022,14040,17100,990,990,990,0
3151,2022,14040,1500,0,0,0,0
3153,2022,14040,1000,0,0,0,0
3167,2022,11951,18000,1080,1080,1080,0
3191,2022,22348,96204,17401,17401,17401,0
3195,2022,4401,12000,480,480,480,0
3204,2022,5013,60000,8370,8370,8370,0
3207,2022,3306,144000,32400,32400,32400,0
3211,2022,11537,900,0,0,0,0
3214,2022,1974,18000,1080,1080,1080,0
3215,2022,1974,2700,0,0,0,0
3218,2022,543,24000,1890,1890,1890,0
3223,2022,417,33330,3290,3290,3290,0
3224,2022,410,78000,12720,12720,12720,0
3225,2022,410,36000,3690,3690,3690,0
3228,2022,8450,151200,34920,34920,34920,0
3234,2022,535,8800,160,160,160,0
3237,2022,20503,22190,1618,1618,1618,0
3240,2022,20503,17600,1040,1040,1040,0
3266,2022,9824,14400,720,720,720,0
3277,2022,14279,12000,480,480,480,0
3282,2022,9784,21600,1530,1530,1530,0
3288,2022,9756,24000,1890,1890,1890,0
3295,2022,17985,13200,600,600,600,0
3304,2022,11695,36000,3690,3690,3690,0
3310,2022,23087,12000,480,480,480,0
3317,2022,9788,30000,2790,2790,2790,0
3323,2022,32370,18000,1080,1080,1080,0
3328,2022,32370,18000,1080,1080,1080,0
3332,2022,19375,13200,600,600,600,0
3335,2022,19375,14400,720,720,720,0
3336,2022,19375,25920,2178,2178,2178,0
3344,2022,522,101500,18990,18990,18990,0
3345,2022,522,22110,1606,1606,1606,0
3349,2022,522,4000,0,0,0,0
3355,2022,522,108000,20940,20940,20940,0
3357,2022,1376,24000,1890,1890,1890,0
3360,2022,26851,42000,4770,4770,4770,0
3361,2022,26851,50400,6450,6450,6450,0
3362,2022,1778,9600,240,240,240,0
3363,2022,2143,12000,480,480,480,0
3365,2022,2143,25000,2040,2040,2040,0
3372,2022,1399,84000,14220,14220,14220,0
3377,2022,529,48000,5970,5970,5970,0
3381,2022,7285,121800,25080,25080,25080,0
3438,2022,670,12800,560,560,560,0
3439,2022,670,16000,880,880,880,0
3454,2022,1511,64680,9390,9390,9390,0
3461,2022,607,49544,6279,6279,6279,0
3464,2022,607,85800,14670,14670,14670,0
3476,2022,11036,22500,1665,1665,1665,0
3477,2022,618,6600,0,0,0,0
3484,2022,871,55000,7370,7370,7370,0
3511,2022,10972,18000,1080,1080,1080,0
3522,2022,2084,4800,0,0,0,0
3529,2022,11156,23136,1760,1760,1760,0
3591,2022,15687,4000,0,0,0,0
3602,2022,10523,3600,0,0,0,0
3603,2022,10523,12000,480,480,480,0
3609,2022,10365,12880,568,568,568,0
3639,2022,14445,40800,4530,4530,4530,0
3668,2022,4821,1400,0,0,0,0
3670,2022,2480,1100,0,0,0,0
3672,2022,11585,8000,80,80,80,0
3676,2022,3253,5000,0,0,0,0
3690,2022,7746,12000,480,480,480,0
3691,2022,1990,20000,1290,1290,1290,0
3705,2022,14329,6000,0,0,0,0
3706,2022,14329,18000,1080,1080,1080,0
3707,2022,14329,6000,0,0,0,0
3708,2022,491,84000,14220,14220,14220,0
3709,2022,491,50000,6370,6370,6370,0
3710,2022,491,48000,5970,5970,5970,0
3716,2022,6094,134400,29040,29040,29040,0
3750,2022,32370,1400,0,0,0,0
3751,2022,32370,1400,0,0,0,0
3752,2022,23915,6000,0,0,0,0
3753,2022,23915,20160,1314,1314,1314,0
3757,2022,7042,17600,1040,1040,1040,0
3764,2022,5405,48000,5970,5970,5970,0
3769,2022,8222,33600,3330,3330,3330,0
3770,2022,8222,25200,2070,2070,2070,0
3771,2022,8222,12600,540,540,540,0
3775,2022,6458,101500,18990,18990,18990,0
3780,2022,7690,4000,0,0,0,0
3781,2022,7690,3000,0,0,0,0
3799,2022,5513,21000,1440,1440,1440,0
3808,2022,7826,70800,10920,10920,10920,0
3809,2022,7826,55200,7410,7410,7410,0
3898,2022,8294,572,0,0,0,0
4014,2022,3820,80170,13262,13262,13262,0
4015,2022,3820,53370,7044,7044,7044,0
4017,2022,32370,61370,8644,8644,8644,0
4018,2022,5964,63000,8970,8970,8970,0
4046,2022,12379,3000,0,0,0,0
4047,2022,1433,13200,600,600,600,0
4050,2022,734,154374,36031,36031,36031,0
4053,2022,6371,174000,42900,42900,42900,0
4057,2022,12690,6000,0,0,0,0
4066,2022,24896,6000,0,0,0,0
4067,2022,9967,137500,30125,30125,30125,0
4069,2022,7709,69600,10620,10620,10620,0
4070,2022,7709,13200,600,600,600,0
4073,2022,6779,198000,51300,51300,51300,0
4075,2022,11437,23100,1755,1755,1755,0
4077,2022,5074,93080,16490,16490,16490,0
4086,2022,5833,24000,1890,1890,1890,0
4106,2022,744,8500,130,130,130,0
4186,2022,15561,42000,4770,4770,4770,0
4213,2022,5051,61980,8766,8766,8766,0
4214,2022,5051,85500,14595,14595,14595,0
4217,2022,7882,23496,1814,1814,1814,0
4222,2022,10861,105380,20154,20154,20154,0
4227,2022,7646,50496,6469,6469,6469,0
4228,2022,7646,28251,2528,2528,2528,0
4230,2022,6076,80170,13262,13262,13262,0
4235,2022,12719,23980,1887,1887,1887,0
4236,2022,12719,117600,23820,23820,23820,0
4288,2022,32370,3750,0,0,0,0
4362,2022,5473,7868,67,67,67,0
4363,2022,5473,49200,6210,6210,6210,0
4381,2022,8435,22400,1650,1650,1650,0
4382,2022,8435,2100,0,0,0,0
4383,2022,8435,2100,0,0,0,0
4403,2022,11030,10800,360,360,360,0
4417,2022,14948,26000,2190,2190,2190,0
4423,2022,22647,12000,480,480,480,0
4477,2022,6683,128100,26970,26970,26970,0
4478,2022,6683,14000,680,680,680,0
4493,2022,11538,28800,2610,2610,2610,0
4500,2022,670,96204,17401,17401,17401,0
4502,2022,11721,50400,6450,6450,6450,0
4509,2022,9082,636180,204663,204663,204663,0
4518,2022,6716,55308,7432,7432,7432,0
4532,2022,7684,30000,2790,2790,2790,0
4534,2022,3908,66000,9720,9720,9720,0
4537,2022,670,150948,34832,34832,34832,0
4656,2022,5301,211680,56088,56088,56088,0
4679,2022,9269,36000,3690,3690,3690,0
4726,2022,574,5600,0,0,0,0
4822,2022,27900,6300,0,0,0,0
4859,2022,32370,14400,720,720,720,0
4882,2022,32370,22400,1650,1650,1650,0
4917,2022,22419,2100,0,0,0,0
4937,2022,3587,21000,1440,1440,1440,0
4940,2022,3526,42000,4770,4770,4770,0
4942,2022,3526,11200,400,400,400,0
4953,2022,2536,18000,1080,1080,1080,0
4976,2022,7572,9252,205,205,205,0
4979,2022,7572,33600,3330,3330,3330,0
4989,2022,338,77000,12470,12470,12470,0
5060,2022,18315,29700,2745,2745,2745,0
5101,2022,6104,30000,2790,2790,2790,0
5111,2022,26691,1000,0,0,0,0
5118,2022,8000,25200,2070,2070,2070,0
5136,2022,7626,96204,17401,17401,17401,0
5137,2022,7626,108672,21142,21142,21142,0
5141,2022,6610,106284,20425,20425,20425,0
5142,2022,6610,61390,8648,8648,8648,0
5543,2022,679,6300,0,0,0,0
5554,2022,5480,24000,1890,1890,1890,0
5557,2022,19882,280,0,0,0,0
5643,2022,8874,1400,0,0,0,0
5654,2022,12568,10000,280,280,280,0
5657,2022,12568,10500,330,330,330,0
5658,2022,4066,67200,10020,10020,10020,0
5662,2022,6506,67200,10020,10020,10020,0
5669,2022,2281,84852,14433,14433,14433,0
5680,2022,5632,55308,7432,7432,7432,0
5772,2022,32370,14000,680,680,680,0
5788,2022,32370,6000,0,0,0,0
5863,2022,5514,19200,1200,1200,1200,0
5884,2022,32370,12000,480,480,480,0
5911,2022,29527,12000,480,480,480,0
5983,2022,5292,65439,9580,9580,9580,0
5984,2022,653,88452,15333,15333,15333,0
5987,2022,5762,67812,10173,10173,10173,0
6004,2022,3990,25784,2158,2158,2158,0
6007,2022,7785,90560,15860,15860,15860,0
6008,2022,7785,53500,7070,7070,7070,0
6017,2022,653,132,0,0,0,0
6028,2022,32370,55260,7422,7422,7422,0
6030,2022,32370,27538,2421,2421,2421,0
6102,2022,547,18000,1080,1080,1080,0
6147,2022,15710,55800,7530,7530,7530,0
6167,2022,2755,8400,120,120,120,0
6168,2022,2755,2400,0,0,0,0
6172,2022,9978,168000,40800,40800,40800,0
6189,2022,32370,8400,120,120,120,0
6196,2022,9872,5280,0,0,0,0
6233,2022,4893,7140,0,0,0,0
6284,2022,15496,1960000,668000,668000,668000,0
6286,2022,15496,63600,9120,9120,9120,0
6293,2022,6550,42000,4770,4770,4770,0
6306,2022,4425,504000,158400,158400,158400,0
6317,2022,15063,3000,0,0,0,0
6330,2022,6181,24000,1890,1890,1890,0
6336,2022,4082,13800,660,660,660,0
6337,2022,4082,70740,10905,10905,10905,0
6340,2022,4590,136200,29670,29670,29670,0
6344,2022,4590,1000,0,0,0,0
6347,2022,8339,45000,5370,5370,5370,0
6349,2022,5419,12000,480,480,480,0
6350,2022,5419,12600,540,540,540,0
6352,2022,3533,48000,5970,5970,5970,0
6355,2022,7847,21600,1530,1530,1530,0
6358,2022,5741,51342,6638,6638,6638,0
6361,2022,891,16800,960,960,960,0
6366,2022,4368,133020,28557,28557,28557,0
6370,2022,2077,24000,1890,1890,1890,0
6374,2022,753,30000,2790,2790,2790,0
6387,2022,1008,14000,680,680,680,0
6388,2022,1008,960,0,0,0,0
6402,2022,7890,66000,9720,9720,9720,0
6410,2022,11524,672000,217200,217200,217200,0
6418,2022,1285,10080,288,288,288,0
6421,2022,5746,84000,14220,14220,14220,0
6433,2022,12565,67200,10020,10020,10020,0
6435,2022,12565,1000,0,0,0,0
6448,2022,10853,168000,40800,40800,40800,0
6460,2022,6474,50400,6450,6450,6450,0
6463,2022,6474,504000,158400,158400,158400,0
6465,2022,835,167112,40489,40489,40489,0
6466,2022,835,88800,15420,15420,15420,0
6477,2022,4061,12000,480,480,480,0
6478,2022,4061,3000,0,0,0,0
6486,2022,23890,48000,5970,5970,5970,0
6492,2022,23890,500,0,0,0,0
6502,2022,4414,7200,0,0,0,0
6506,2022,3396,72000,11220,11220,11220,0
6510,2022,12101,9900,270,270,270,0
6514,2022,14726,9020,182,182,182,0
6521,2022,13218,42000,4770,4770,4770,0
6526,2022,993,108672,21142,21142,21142,0
6537,2022,794,160000,38000,38000,38000,0
6545,2022,2447,18000,1080,1080,1080,0
6589,2022,8438,49500,6270,6270,6270,0
6605,2022,9517,50400,6450,6450,6450,0
6610,2022,4308,4800,0,0,0,0
6611,2022,4308,18000,1080,1080,1080,0
6613,2022,4608,57750,7920,7920,7920,0
6623,2022,6674,9000,180,180,180,0
6625,2022,8795,12000,480,480,480,0
6634,2022,10782,9000,180,180,180,0
6637,2022,1806,3200,0,0,0,0
6640,2022,9363,15600,840,840,840,0
6641,2022,9363,3200,0,0,0,0
6655,2022,1843,180000,45000,45000,45000,0
6666,2022,1075,34800,3510,3510,3510,0
6682,2022,80,110000,21540,21540,21540,0
6709,2022,81,48000,5970,5970,5970,0
6730,2022,4307,39340,4238,4238,4238,0
6738,2022,84,129600,27420,27420,27420,0
6764,2022,6916,20000,1290,1290,1290,0
7060,2022,1157,48000,5970,5970,5970,0
7079,2022,113,165000,39750,39750,39750,0
7085,2022,951,78000,12720,12720,12720,0
7090,2022,580,60000,8370,8370,8370,0
7095,2022,612,110000,21540,21540,21540,0
7100,2022,113,55000,7370,7370,7370,0
7144,2022,64,80000,13220,13220,13220,0
7158,2022,65,336000,99600,99600,99600,0
7163,2022,71,32400,3150,3150,3150,0
7169,2022,71,42000,4770,4770,4770,0
7186,2022,530,24000,1890,1890,1890,0
7206,2022,3023,17500,1030,1030,1030,0
7230,2022,458,8500,130,130,130,0
7231,2022,458,54000,7170,7170,7170,0
7250,2022,77,70000,10720,10720,10720,0
7272,2022,77,10000,280,280,280,0
7275,2022,76,67200,10020,10020,10020,0
7276,2022,76,27000,2340,2340,2340,0
7292,2022,76,66000,9720,9720,9720,0
7305,2022,78,192000,49200,49200,49200,0
7313,2022,4597,72000,11220,11220,11220,0
7685,2022,1587,105000,20040,20040,20040,0
7698,2022,111,42000,4770,4770,4770,0
7745,2022,2423,30000,2790,2790,2790,0
7746,2022,2423,36000,3690,3690,3690,0
7759,2022,2423,69760,10660,10660,10660,0
7765,2022,79,180000,45000,45000,45000,0
7802,2022,1753,32000,3090,3090,3090,0
7814,2022,145,51000,6570,6570,6570,0
7902,2022,4055,4000,0,0,0,0
8119,2022,13576,3,0,0,0,0
8137,2022,229,21000,1440,1440,1440,0
8143,2022,6292,100,0,0,0,0
8244,2022,3800,144000,32400,32400,32400,0
8257,2022,494,151200,34920,34920,34920,0
8258,2022,3927,30000,2790,2790,2790,0
8281,2022,92,6000,0,0,0,0
8286,2022,91,31200,2970,2970,2970,0
8518,2022,2159,1500,0,0,0,0
8528,2022,131,3000,0,0,0,0
8532,2022,131,150000,34500,34500,34500,0
8563,2022,731,144000,32400,32400,32400,0
8707,2022,443,144000,32400,32400,32400,0
8729,2022,82,100800,18780,18780,18780,0
8740,2022,85,21600,1530,1530,1530,0
8746,2022,1280,67200,10020,10020,10020,0
8749,2022,3608,52500,6870,6870,6870,0
8753,2022,82,30000,2790,2790,2790,0
8754,2022,82,90000,15720,15720,15720,0
8757,2022,82,50400,6450,6450,6450,0
8758,2022,82,84000,14220,14220,14220,0
8776,2022,82,84000,14220,14220,14220,0
8779,2022,945,50400,6450,6450,6450,0
8780,2022,945,67200,10020,10020,10020,0
8786,2022,1910,67200,10020,10020,10020,0
8787,2022,1910,50400,6450,6450,6450,0
8928,2022,6495,72000,11220,11220,11220,0
9122,2022,1662,29700,2745,2745,2745,0
9476,2022,2836,169010,41154,41154,41154,0
9484,2022,99,24000,1890,1890,1890,0
9486,2022,619,93500,16595,16595,16595,0
9499,2022,90,103200,19500,19500,19500,0
9503,2022,90,139308,30758,30758,30758,0
9650,2022,3646,12000,480,480,480,0
9701,2022,2370,60930,8556,8556,8556,0
9702,2022,2370,31472,3011,3011,3011,0
9708,2022,454,30000,2790,2790,2790,0
9717,2022,864,48744,6119,6119,6119,0
9729,2022,183,62000,8770,8770,8770,0
9740,2022,12,55200,7410,7410,7410,0
10083,2022,355,55200,7410,7410,7410,0
10119,2022,3106,47520,5874,5874,5874,0
10188,2022,949,3000,0,0,0,0
10212,2022,1306,46250,5620,5620,5620,0
10213,2022,1306,135000,29250,29250,29250,0
10297,2022,4432,60000,8370,8370,8370,0
10334,2022,299,7650,45,45,45,0
10367,2022,4476,60000,8370,8370,8370,0
10374,2022,7954,45008,5372,5372,5372,0
10378,2022,4928,8400,120,120,120,0
10389,2022,235,18000,1080,1080,1080,0
10427,2022,2233,121800,25080,25080,25080,0
10428,2022,2281,35442,3606,3606,3606,0
10430,2022,2281,126252,26416,26416,26416,0
10435,2022,160,121180,24894,24894,24894,0
10436,2022,1727,134620,29117,29117,29117,0
10438,2022,1862,96204,17401,17401,17401,0
10439,2022,1862,12100,490,490,490,0
10442,2022,1862,39600,4290,4290,4290,0
10444,2022,3735,30464,2860,2860,2860,0
10446,2022,3735,107508,20792,20792,20792,0
10448,2022,2072,33588,3328,3328,3328,0
10449,2022,2072,33588,3328,3328,3328,0
10450,2022,160,62256,8821,8821,8821,0
10458,2022,798,134620,29117,29117,29117,0
10459,2022,798,39996,4369,4369,4369,0
10462,2022,1676,19200,1200,1200,1200,0
10463,2022,1676,19200,1200,1200,1200,0
10468,2022,1262,48000,5970,5970,5970,0
10469,2022,1326,27600,2430,2430,2430,0
10472,2022,393,18900,1170,1170,1170,0
10476,2022,514,300000,87000,87000,87000,0
10482,2022,815,60000,8370,8370,8370,0
10487,2022,574,80000,13220,13220,13220,0
10490,2022,574,44000,5170,5170,5170,0
10498,2022,537,72000,11220,11220,11220,0
10503,2022,1985,84000,14220,14220,14220,0
10504,2022,1985,60000,8370,8370,8370,0
10507,2022,73,62400,8850,8850,8850,0
10514,2022,609,33600,3330,3330,3330,0
10516,2022,609,25200,2070,2070,2070,0
10527,2022,1847,35000,3540,3540,3540,0
10539,2022,186,39996,4369,4369,4369,0
10544,2022,3248,30000,2790,2790,2790,0
10547,2022,1632,20000,1290,1290,1290,0
10552,2022,1767,30000,2790,2790,2790,0
10553,2022,70,103600,19620,19620,19620,0
10558,2022,497,125100,26070,26070,26070,0
10559,2022,497,40000,4370,4370,4370,0
10560,2022,497,113300,22530,22530,22530,0
10564,2022,1533,19200,1200,1200,1200,0
10565,2022,1533,14000,680,680,680,0
10567,2022,1914,35260,3579,3579,3579,0
10568,2022,1914,25000,2040,2040,2040,0
10570,2022,1624,72000,11220,11220,11220,0
10573,2022,247,25000,2040,2040,2040,0
10585,2022,478,9600,240,240,240,0
10620,2022,456,107664,20839,20839,20839,0
10655,2022,983,80400,13320,13320,13320,0
10714,2022,434,175000,43250,43250,43250,0
10730,2022,6655,3600,0,0,0,0
10736,2022,1701,21600,1530,1530,1530,0
10744,2022,2811,59830,8336,8336,8336,0
10745,2022,1233,8400,120,120,120,0
10759,2022,4281,4200,0,0,0,0
10781,2022,4139,109350,21345,21345,21345,0
10790,2022,1044,65916,9699,9699,9699,0
10798,2022,5437,75600,12120,12120,12120,0
10806,2022,5583,51450,6660,6660,6660,0
10868,2022,401,34758,3504,3504,3504,0
10880,2022,10280,224000,60400,60400,60400,0
10886,2022,9795,12600,540,540,540,0
10909,2022,12015,55308,7432,7432,7432,0
10911,2022,12015,36000,3690,3690,3690,0
10914,2022,3343,60000,8370,8370,8370,0
10915,2022,4915,63000,8970,8970,8970,0
10918,2022,1573,72000,11220,11220,11220,0
10919,2022,1573,66000,9720,9720,9720,0
10928,2022,4668,50699,6510,6510,6510,0
10945,2022,3113,60000,8370,8370,8370,0
10946,2022,3113,18000,1080,1080,1080,0
10996,2022,7369,13960,676,676,676,0
11003,2022,7369,87120,15000,15000,15000,0
11055,2022,775,13827,663,663,663,0
11097,2022,1166,30000,2790,2790,2790,0
11112,2022,12320,9800,260,260,260,0
11118,2022,15494,12000,480,480,480,0
11125,2022,9283,25200,2070,2070,2070,0
11134,2022,6456,7200,0,0,0,0
11165,2022,1926,96108,17372,17372,17372,0
11178,2022,6741,64296,9294,9294,9294,0
11234,2022,7673,120000,24540,24540,24540,0
11245,2022,3082,30000,2790,2790,2790,0
11258,2022,7554,88187,15267,15267,15267,0
11279,2022,3326,24000,1890,1890,1890,0
11280,2022,1297,84852,14433,14433,14433,0
11345,2022,12151,7500,30,30,30,0
11361,2022,700,800,0,0,0,0
11367,2022,9953,600,0,0,0,0
11420,2022,6345,4200,0,0,0,0
11425,2022,2404,7040,0,0,0,0
11430,2022,585,207207,54522,54522,54522,0
11431,2022,585,71588,11117,11117,11117,0
11434,2022,585,17424,1022,1022,1022,0
11436,2022,585,2000,0,0,0,0
11440,2022,5922,80400,13320,13320,13320,0
11456,2022,4463,50400,6450,6450,6450,0
11461,2022,10183,24000,1890,1890,1890,0
11466,2022,1436,96000,17340,17340,17340,0
11478,2022,6973,1200,0,0,0,0
11618,2022,3059,64296,9294,9294,9294,0
11619,2022,3059,61930,8756,8756,8756,0
11624,2022,714,61930,8756,8756,8756,0
11639,2022,1434,56119,7594,7594,7594,0
11652,2022,6437,8000,80,80,80,0
11825,2022,6781,32400,3150,3150,3150,0
11838,2022,4725,9000,180,180,180,0
11839,2022,4725,3000,0,0,0,0
11840,2022,4613,42000,4770,4770,4770,0
11852,2022,2551,36000,3690,3690,3690,0
11937,2022,7832,73896,11694,11694,11694,0
11966,2022,10990,61896,8749,8749,8749,0
11982,2022,12493,5400,0,0,0,0
11988,2022,127,96204,17401,17401,17401,0
11989,2022,127,30000,2790,2790,2790,0
11994,2022,411,54000,7170,7170,7170,0
11995,2022,16471,8640,144,144,144,0
12033,2022,1219,58938,8158,8158,8158,0
12037,2022,338,58938,8158,8158,8158,0
12038,2022,338,14400,720,720,720,0
12043,2022,4923,77781,12665,12665,12665,0
12044,2022,4923,43274,5025,5025,5025,0
12045,2022,1236,53580,7086,7086,7086,0
12047,2022,2039,68123,10251,10251,10251,0
12054,2022,1085,68123,10251,10251,10251,0
12058,2022,507,68123,10251,10251,10251,0
12060,2022,618,68123,10251,10251,10251,0
12064,2022,4258,27600,2430,2430,2430,0
12076,2022,5480,34507,3466,3466,3466,0
12077,2022,5480,44759,5322,5322,5322,0
12083,2022,6832,9000,180,180,180,0
12103,2022,5438,1200,0,0,0,0
12106,2022,5438,5040,0,0,0,0
12127,2022,15444,12000,480,480,480,0
12137,2022,7975,6000,0,0,0,0
12181,2022,7606,31472,3011,3011,3011,0
12183,2022,7578,19800,1260,1260,1260,0
12185,2022,7578,39996,4369,4369,4369,0
12190,2022,5822,35406,3601,3601,3601,0
12192,2022,10268,6000,0,0,0,0
12193,2022,10268,72000,11220,11220,11220,0
12197,2022,5408,100800,18780,18780,18780,0
12198,2022,5408,134400,29040,29040,29040,0
12201,2022,5408,8000,80,80,80,0
12217,2022,419,2500,0,0,0,0
12218,2022,7888,120960,24828,24828,24828,0
12219,2022,425,268800,76080,76080,76080,0
12220,2022,425,100800,18780,18780,18780,0
12225,2022,7450,76008,12222,12222,12222,0
12227,2022,7450,16500,930,930,930,0
12230,2022,1853,8400,120,120,120,0
12237,2022,5720,84000,14220,14220,14220,0
12242,2022,7473,84000,14220,14220,14220,0
12243,2022,7473,132000,28200,28200,28200,0
12246,2022,410,11200,400,400,400,0
12253,2022,2882,3600,0,0,0,0
12258,2022,6477,66600,9870,9870,9870,0
12370,2022,12858,3000,0,0,0,0
12376,2022,2503,2100,0,0,0,0
12384,2022,463,4000,0,0,0,0
12410,2022,2053,20000,1290,1290,1290,0
12416,2022,4078,14400,720,720,720,0
12422,2022,7863,23520,1818,1818,1818,0
12424,2022,6111,54000,7170,7170,7170,0
12427,2022,6111,700,0,0,0,0
12428,2022,6111,4400,0,0,0,0
12429,2022,295,15000,780,780,780,0
12437,2022,295,11000,380,380,380,0
12441,2022,7229,36000,3690,3690,3690,0
12443,2022,3779,180000,45000,45000,45000,0
12458,2022,2864,19600,1240,1240,1240,0
12462,2022,298,7200,0,0,0,0
12466,2022,298,22800,1710,1710,1710,0
12470,2022,298,2400,0,0,0,0
12474,2022,11418,41870,4744,4744,4744,0
12485,2022,10964,11700,450,450,450,0
12505,2022,5196,2000,0,0,0,0
12520,2022,12974,9218,202,202,202,0
12528,2022,16672,18000,1080,1080,1080,0
12551,2022,3005,768000,250800,250800,250800,0
12599,2022,292,13200,600,600,600,0
12600,2022,292,13200,600,600,600,0
12644,2022,911,3600,0,0,0,0
12658,2022,2402,1500,0,0,0,0
12792,2022,3499,31000,2940,2940,2940,0
12797,2022,811,23256,1778,1778,1778,0
12801,2022,3573,32800,3210,3210,3210,0
12809,2022,2764,40000,4370,4370,4370,0
12810,2022,2764,50400,6450,6450,6450,0
12814,2022,2569,45000,5370,5370,5370,0
12908,2022,6494,8400,120,120,120,0
12920,2022,5635,78400,12820,12820,12820,0
12922,2022,5635,24000,1890,1890,1890,0
12935,2022,7938,61930,8756,8756,8756,0
12947,2022,6355,61130,8596,8596,8596,0
12948,2022,6355,24096,1904,1904,1904,0
12953,2022,622,49200,6210,6210,6210,0
12954,2022,622,49200,6210,6210,6210,0
12960,2022,898,60130,8396,8396,8396,0
12980,2022,14463,61000,8570,8570,8570,0
12981,2022,14463,46090,5588,5588,5588,0
12986,2022,1593,61930,8756,8756,8756,0
12989,2022,14849,54000,7170,7170,7170,0
12990,2022,14849,96168,17390,17390,17390,0
13028,2022,420,67368,10062,10062,10062,0
13089,2022,2271,48000,5970,5970,5970,0
13091,2022,1175,38500,4070,4070,4070,0
13099,2022,2943,58300,8030,8030,8030,0
13100,2022,2943,21600,1530,1530,1530,0
13109,2022,1925,13344,614,614,614,0
13119,2022,7251,27500,2415,2415,2415,0
13120,2022,7251,9900,270,270,270,0
13125,2022,7251,15400,820,820,820,0
13129,2022,8908,58399,8050,8050,8050,0
13130,2022,8908,45265,5423,5423,5423,0
13131,2022,8908,34727,3499,3499,3499,0
13142,2022,2128,96204,17401,17401,17401,0
13149,2022,349,18000,1080,1080,1080,0
13161,2022,5259,144000,32400,32400,32400,0
13162,2022,5259,96204,17401,17401,17401,0
13377,2022,10531,3360,0,0,0,0
13378,2022,10531,7560,36,36,36,0
13387,2022,13000,2450,0,0,0,0
13399,2022,8909,36000,3690,3690,3690,0
13409,2022,6836,38400,4050,4050,4050,0
13411,2022,6836,1200,0,0,0,0
13413,2022,6836,2400,0,0,0,0
13471,2022,2060,39996,4369,4369,4369,0
13482,2022,2900,28800,2610,2610,2610,0
13491,2022,6112,19680,1248,1248,1248,0
13496,2022,11009,33330,3290,3290,3290,0
13502,2022,3108,61930,8756,8756,8756,0
13518,2022,4331,78000,12720,12720,12720,0
13531,2022,8356,6500,0,0,0,0
13582,2022,18984,50400,6450,6450,6450,0
13612,2022,2105,1596000,540600,540600,540600,0
13636,2022,152,33588,3328,3328,3328,0
13637,2022,1005,80400,13320,13320,13320,0
13873,2022,8232,22400,1650,1650,1650,0
13894,2022,11988,4200,0,0,0,0
13977,2022,3905,46200,5610,5610,5610,0
13978,2022,3905,672000,217200,217200,217200,0
14070,2022,191,86400,14820,14820,14820,0
14072,2022,163,27000,2340,2340,2340,0
14080,2022,105,105000,20040,20040,20040,0
14091,2022,343,4000,0,0,0,0
14100,2022,85,27500,2415,2415,2415,0
14112,2022,17,99000,18240,18240,18240,0
14119,2022,86,88000,15220,15220,15220,0
14120,2022,86,40700,4510,4510,4510,0
14122,2022,304,137500,30125,30125,30125,0
14123,2022,16,49500,6270,6270,6270,0
14124,2022,16,27500,2415,2415,2415,0
14258,2022,292,90000,15720,15720,15720,0
14265,2022,129,121800,25080,25080,25080,0
14299,2022,64,68200,10270,10270,10270,0
14305,2022,145,73428,11577,11577,11577,0
14324,2022,163,84000,14220,14220,14220,0
14327,2022,264,68208,10272,10272,10272,0
14363,2022,854,168000,40800,40800,40800,0
14368,2022,677,39600,4290,4290,4290,0
14369,2022,677,4000,0,0,0,0
14371,2022,751,92880,16440,16440,16440,0
14374,2022,870,67200,10020,10020,10020,0
14388,2022,406,6000,0,0,0,0
14396,2022,39,29400,2700,2700,2700,0
14400,2022,203,7000,0,0,0,0
14421,2022,39,50400,6450,6450,6450,0
14442,2022,10,94200,16800,16800,16800,0
14443,2022,10,56400,7650,7650,7650,0
14447,2022,10,2000,0,0,0,0
14459,2022,414,183552,46243,46243,46243,0
14460,2022,414,64056,9234,9234,9234,0
14468,2022,98,85200,14520,14520,14520,0
14469,2022,98,73200,11520,11520,11520,0
14472,2022,98,3000,0,0,0,0
14478,2022,469,42000,4770,4770,4770,0
14481,2022,162,70000,10720,10720,10720,0
14482,2022,162,1400,0,0,0,0
14486,2022,11,48000,5970,5970,5970,0
14561,2022,150,72000,11220,11220,11220,0
14564,2022,214,72000,11220,11220,11220,0
14570,2022,186,108144,20983,20983,20983,0
14571,2022,186,14400,720,720,720,0
14582,2022,183,84000,14220,14220,14220,0
14588,2022,21,15600,840,840,840,0
14608,2022,271,61200,8610,8610,8610,0
14615,2022,366,144000,32400,32400,32400,0
14632,2022,101,288000,82800,82800,82800,0
14676,2022,489,72000,11220,11220,11220,0
14679,2022,11,66000,9720,9720,9720,0
14792,2022,16,114000,22740,22740,22740,0
14793,2022,250,120000,24540,24540,24540,0
14798,2022,152,84000,14220,14220,14220,0
14799,2022,152,72000,11220,11220,11220,0
14803,2022,33,18000,1080,1080,1080,0
14809,2022,29,163200,39120,39120,39120,0
14810,2022,29,5352,0,0,0,0
14814,2022,242,28000,2490,2490,2490,0
14815,2022,222,144000,32400,32400,32400,0
14821,2022,222,8000,80,80,80,0
14822,2022,222,4000,0,0,0,0
14830,2022,53,144000,32400,32400,32400,0
14837,2022,40,16800,960,960,960,0
14852,2022,658,3150,0,0,0,0
14853,2022,658,45000,5370,5370,5370,0
14859,2022,13,29176,2666,2666,2666,0
14865,2022,403,5600,0,0,0,0
14866,2022,403,12600,540,540,540,0
14867,2022,182,98400,18060,18060,18060,0
14868,2022,182,96204,17401,17401,17401,0
14869,2022,13,108000,20940,20940,20940,0
14877,2022,373,88600,15370,15370,15370,0
14880,2022,373,96000,17340,17340,17340,0
14881,2022,94,24000,1890,1890,1890,0
14887,2022,31,24000,1890,1890,1890,0
14898,2022,28,96000,17340,17340,17340,0
14920,2022,346,96000,17340,17340,17340,0
14933,2022,918,21000,1440,1440,1440,0
14940,2022,1191,100800,18780,18780,18780,0
14947,2022,47,6000,0,0,0,0
14957,2022,687,64692,9393,9393,9393,0
14977,2022,537,72000,11220,11220,11220,0
15000,2022,232,55200,7410,7410,7410,0
15156,2022,13,55200,7410,7410,7410,0
15175,2022,330,36000,3690,3690,3690,0
15182,2022,12,70680,10890,10890,10890,0
15203,2022,16,28000,2490,2490,2490,0
15214,2022,194,138720,30552,30552,30552,0
15222,2022,22,18900,1170,1170,1170,0
15232,2022,17,94320,16836,16836,16836,0
15251,2022,9,154620,36117,36117,36117,0
15260,2022,188,101580,19014,19014,19014,0
15269,2022,9,114900,23010,23010,23010,0
15274,2022,9,126960,26628,26628,26628,0
15307,2022,497,36000,3690,3690,3690,0
15331,2022,579,22400,1650,1650,1650,0
15333,2022,349,156000,36600,36600,36600,0
15360,2022,185,24000,1890,1890,1890,0
15367,2022,98,42000,4770,4770,4770,0
15370,2022,254,144000,32400,32400,32400,0
15374,2022,195,1344000,452400,452400,452400,0
15378,2022,741,33600,3330,3330,3330,0
15496,2022,430,23040,1746,1746,1746,0
15511,2022,34,37800,3960,3960,3960,0
15583,2022,524,18000,1080,1080,1080,0
15672,2022,252,18000,1080,1080,1080,0
15678,2022,355,20400,1350,1350,1350,0
15683,2022,286,8400,120,120,120,0
15686,2022,162,32400,3150,3150,3150,0
15689,2022,621,9000,180,180,180,0
15693,2022,814,50664,6503,6503,6503,0
15696,2022,156,20400,1350,1350,1350,0
15697,2022,156,11160,396,396,396,0
15701,2022,229,18000,1080,1080,1080,0
15702,2022,229,400,0,0,0,0
15705,2022,649,22776,1706,1706,1706,0
15709,2022,254,6000,0,0,0,0
15710,2022,254,1650,0,0,0,0
15712,2022,269,18000,1080,1080,1080,0
15734,2022,17,70000,10720,10720,10720,0
15780,2022,38,16500,930,930,930,0
15790,2022,22,22000,1590,1590,1590,0
15818,2022,734,39900,4350,4350,4350,0
15819,2022,12,64272,9288,9288,9288,0
15848,2022,938,69120,10500,10500,10500,0
15866,2022,603,80300,13295,13295,13295,0
15867,2022,603,30000,2790,2790,2790,0
15868,2022,603,72948,11457,11457,11457,0
15917,2022,174,56000,7570,7570,7570,0
15957,2022,379,6300,0,0,0,0
16009,2022,844,52308,6832,6832,6832,0
16025,2022,372,38400,4050,4050,4050,0
16220,2022,19,42000,4770,4770,4770,0
16227,2022,18,41328,4636,4636,4636,0
16237,2022,282,15000,780,780,780,0
16250,2022,448,41328,4636,4636,4636,0
16298,2022,18,6250,0,0,0,0
16460,2022,15,55200,7410,7410,7410,0
16496,2022,295,36000,3690,3690,3690,0
16499,2022,73,51300,6630,6630,6630,0
16510,2022,60,12600,540,540,540,0
16518,2022,104,24000,1890,1890,1890,0
16519,2022,104,1500,0,0,0,0
16521,2022,104,18000,1080,1080,1080,0
16532,2022,268,100800,18780,18780,18780,0
16546,2022,197,100800,18780,18780,18780,0
16548,2022,197,112000,22140,22140,22140,0
16561,2022,161,84000,14220,14220,14220,0
16570,2022,67,32676,3191,3191,3191,0
16592,2022,12,101316,18935,18935,18935,0
16599,2022,11,39200,4210,4210,4210,0
16603,2022,217,116808,23582,23582,23582,0
16604,2022,217,60864,8543,8543,8543,0
16610,2022,11,95172,17092,17092,17092,0
16622,2022,190,80904,13446,13446,13446,0
16626,2022,19,36000,3690,3690,3690,0
16630,2022,349,15000,780,780,780,0
16631,2022,349,18000,1080,1080,1080,0
16634,2022,34,70000,10720,10720,10720,0
16635,2022,34,22000,1590,1590,1590,0
16638,2022,619,72000,11220,11220,11220,0
16646,2022,110,168000,40800,40800,40800,0
16651,2022,371,72000,11220,11220,11220,0
16652,2022,371,72000,11220,11220,11220,0
16653,2022,371,35000,3540,3540,3540,0
16775,2022,187,2000,0,0,0,0
16958,2022,214,98000,17940,17940,17940,0
16963,2022,384,60000,8370,8370,8370,0
16969,2022,129,336000,99600,99600,99600,0
16975,2022,12,72000,11220,11220,11220,0
16979,2022,27,120000,24540,24540,24540,0
16986,2022,199,132000,28200,28200,28200,0
16990,2022,12,38400,4050,4050,4050,0
16997,2022,67,36000,3690,3690,3690,0
17008,2022,81,47208,5812,5812,5812,0
17009,2022,81,5985,0,0,0,0
17021,2022,119,36000,3690,3690,3690,0
17024,2022,204,48000,5970,5970,5970,0
17026,2022,203,63600,9120,9120,9120,0
17027,2022,124,6000,0,0,0,0
17030,2022,166,73800,11670,11670,11670,0
17032,2022,132,114000,22740,22740,22740,0
17033,2022,132,114000,22740,22740,22740,0
17040,2022,7,92000,16220,16220,16220,0
17044,2022,200,58000,7970,7970,7970,0
17047,2022,136,102000,19140,19140,19140,0
17048,2022,80,62400,8850,8850,8850,0
17049,2022,136,63200,9020,9020,9020,0
17050,2022,51,112,0,0,0,0
17063,2022,37,10000,280,280,280,0
17126,2022,55,19600,1240,1240,1240,0
17135,2022,352,630000,202500,202500,202500,0
17138,2022,352,28000,2490,2490,2490,0
17139,2022,352,132000,28200,28200,28200,0
17143,2022,44,336000,99600,99600,99600,0
17149,2022,324,4000,0,0,0,0
17152,2022,279,238800,65580,65580,65580,0
17155,2022,279,703200,228120,228120,228120,0
17157,2022,225,84000,14220,14220,14220,0
17160,2022,225,36000,3690,3690,3690,0
17173,2022,211,50400,6450,6450,6450,0
17174,2022,10,69600,10620,10620,10620,0
17179,2022,142,18000,1080,1080,1080,0
17198,2022,20,2400,0,0,0,0
17205,2022,290,61930,8756,8756,8756,0
17206,2022,290,36000,3690,3690,3690,0
17227,2022,24,140400,31140,31140,31140,0
17231,2022,134,40000,4370,4370,4370,0
17238,2022,12,32400,3150,3150,3150,0
17244,2022,119,63600,9120,9120,9120,0
17245,2022,119,16800,960,960,960,0
17246,2022,183,180000,45000,45000,45000,0
17249,2022,139,153276,35647,35647,35647,0
17256,2022,139,4500,0,0,0,0
17257,2022,714,14400,720,720,720,0
17258,2022,714,3000,0,0,0,0
17259,2022,305,240000,66000,66000,66000,0
17260,2022,305,108000,20940,20940,20940,0
17264,2022,337,30000,2790,2790,2790,0
17267,2022,337,22500,1665,1665,1665,0
17268,2022,137,51600,6690,6690,6690,0
17269,2022,137,22800,1710,1710,1710,0
17272,2022,39,30000,2790,2790,2790,0
17274,2022,111,114000,22740,22740,22740,0
17278,2022,28,54000,7170,7170,7170,0
17280,2022,28,42000,4770,4770,4770,0
17283,2022,239,15000,780,780,780,0
17285,2022,341,19488,1229,1229,1229,0
17286,2022,341,18000,1080,1080,1080,0
17289,2022,238,30000,2790,2790,2790,0
17290,2022,238,45000,5370,5370,5370,0
17292,2022,228,55000,7370,7370,7370,0
17293,2022,228,30000,2790,2790,2790,0
17294,2022,191,66000,9720,9720,9720,0
17303,2022,225,36000,3690,3690,3690,0
17306,2022,141,54000,7170,7170,7170,0
17316,2022,236,57800,7930,7930,7930,0
17322,2022,730,2400,0,0,0,0
17323,2022,730,96000,17340,17340,17340,0
17324,2022,730,54000,7170,7170,7170,0
17325,2022,67,25116,2057,2057,2057,0
17333,2022,114,16200,900,900,900,0
17336,2022,169,18000,1080,1080,1080,0
17337,2022,169,10000,280,280,280,0
17344,2022,13,14400,720,720,720,0
17348,2022,133,24000,1890,1890,1890,0
17352,2022,40,24000,1890,1890,1890,0
17356,2022,96,24000,1890,1890,1890,0
17359,2022,184,27538,2421,2421,2421,0
17362,2022,288,135600,29460,29460,29460,0
17364,2022,288,96204,17401,17401,17401,0
17366,2022,102,30000,2790,2790,2790,0
17370,2022,171,54000,7170,7170,7170,0
17382,2022,224,120000,24540,24540,24540,0
17383,2022,224,49800,6330,6330,6330,0
17391,2022,364,132000,28200,28200,28200,0
17402,2022,106,140000,31000,31000,31000,0
17415,2022,70,85200,14520,14520,14520,0
17416,2022,70,36600,3780,3780,3780,0
17419,2022,254,84000,14220,14220,14220,0
17432,2022,108,54000,7170,7170,7170,0
17448,2022,12,109060,21258,21258,21258,0
17449,2022,12,61930,8756,8756,8756,0
17452,2022,117,57500,7870,7870,7870,0
17453,2022,112,80080,13240,13240,13240,0
17465,2022,198,43644,5099,5099,5099,0
17466,2022,21,120000,24540,24540,24540,0
17477,2022,253,47208,5812,5812,5812,0
17487,2022,10,55374,7445,7445,7445,0
17520,2022,102,60000,8370,8370,8370,0
17523,2022,68,10000,280,280,280,0
17530,2022,107,19200,1200,1200,1200,0
17540,2022,572,11200,400,400,400,0
17547,2022,229,28800,2610,2610,2610,0
17555,2022,31,9000,180,180,180,0
17557,2022,190,39600,4290,4290,4290,0
17561,2022,190,45000,5370,5370,5370,0
17562,2022,190,24000,1890,1890,1890,0
17589,2022,57,22000,1590,1590,1590,0
17755,2022,214,54000,7170,7170,7170,0
17765,2022,1049,180000,45000,45000,45000,0
17770,2022,299,25200,2070,2070,2070,0
17771,2022,19,33000,3240,3240,3240,0
17772,2022,410,72000,11220,11220,11220,0
17775,2022,304,22800,1710,1710,1710,0
17779,2022,74,72000,11220,11220,11220,0
17784,2022,14,63720,9150,9150,9150,0
17785,2022,14,139260,30741,30741,30741,0
17791,2022,141,240000,66000,66000,66000,0
17801,2022,120,84000,14220,14220,14220,0
17805,2022,131,120000,24540,24540,24540,0
17835,2022,126,43200,5010,5010,5010,0
17842,2022,159,16560,936,936,936,0
17849,2022,204,17520,1032,1032,1032,0
17850,2022,204,25800,2160,2160,2160,0
17852,2022,148,64800,9420,9420,9420,0
17855,2022,334,19200,1200,1200,1200,0
17856,2022,334,22800,1710,1710,1710,0
17859,2022,334,11700,450,450,450,0
17867,2022,30,57600,7890,7890,7890,0
17878,2022,218,50400,6450,6450,6450,0
17879,2022,317,36000,3690,3690,3690,0
17880,2022,317,67200,10020,10020,10020,0
17884,2022,262,1400,0,0,0,0
17889,2022,255,18000,1080,1080,1080,0
17892,2022,142,18000,1080,1080,1080,0
17898,2022,42,36000,3690,3690,3690,0
17902,2022,200,7000,0,0,0,0
17907,2022,449,16500,930,930,930,0
17912,2022,235,36000,3690,3690,3690,0
17920,2022,152,120840,24792,24792,24792,0
17921,2022,152,156000,36600,36600,36600,0
17930,2022,1846,24000,1890,1890,1890,0
17934,2022,3964,12000,480,480,480,0
17936,2022,1398,72000,11220,11220,11220,0
17943,2022,153,13600,640,640,640,0
17944,2022,2045,36000,3690,3690,3690,0
17947,2022,2174,103752,19666,19666,19666,0
17953,2022,1335,42000,4770,4770,4770,0
17954,2022,1335,84000,14220,14220,14220,0
17955,2022,1335,22400,1650,1650,1650,0
17967,2022,167,30240,2826,2826,2826,0
17968,2022,1186,54000,7170,7170,7170,0
17969,2022,1186,36000,3690,3690,3690,0
17973,2022,3610,24000,1890,1890,1890,0
17975,2022,3610,300000,87000,87000,87000,0
17976,2022,3610,12000,480,480,480,0
17977,2022,2078,24000,1890,1890,1890,0
17979,2022,1994,42000,4770,4770,4770,0
17982,2022,346,13200,600,600,600,0
17984,2022,1279,56630,7696,7696,7696,0
17985,2022,1279,72000,11220,11220,11220,0
17986,2022,1279,86400,14820,14820,14820,0
17988,2022,1768,78564,12861,12861,12861,0
17990,2022,1768,14400,720,720,720,0
17991,2022,1768,14400,720,720,720,0
17992,2022,398,5000,0,0,0,0
17996,2022,1343,19488,1229,1229,1229,0
17998,2022,1343,13200,600,600,600,0
18000,2022,3053,24000,1890,1890,1890,0
18001,2022,3053,21600,1530,1530,1530,0
18002,2022,3053,4500,0,0,0,0
18005,2022,2222,36000,3690,3690,3690,0
18006,2022,2222,30000,2790,2790,2790,0
18009,2022,155,1820,0,0,0,0
18013,2022,703,30000,2790,2790,2790,0
18014,2022,1020,36000,3690,3690,3690,0
18022,2022,2160,36000,3690,3690,3690,0
18024,2022,2730,90000,15720,15720,15720,0
18025,2022,2730,47244,5819,5819,5819,0
18026,2022,2730,45000,5370,5370,5370,0
18031,2022,1487,9000,180,180,180,0
18034,2022,3616,19200,1200,1200,1200,0
18038,2022,889,67200,10020,10020,10020,0
18047,2022,2098,78000,12720,12720,12720,0
18053,2022,2098,66000,9720,9720,9720,0
18058,2022,1615,11000,380,380,380,0
18062,2022,2084,60000,8370,8370,8370,0
18074,2022,1723,24000,1890,1890,1890,0
18079,2022,2570,4950,0,0,0,0
18082,2022,1118,67956,10209,10209,10209,0
18097,2022,127,14400,720,720,720,0
18107,2022,2241,3000,0,0,0,0
18110,2022,2241,11200,400,400,400,0
18112,2022,5242,30000,2790,2790,2790,0
18113,2022,5242,30000,2790,2790,2790,0
18114,2022,5242,42000,4770,4770,4770,0
18115,2022,5242,54000,7170,7170,7170,0
18116,2022,5242,48000,5970,5970,5970,0
18119,2022,2509,30000,2790,2790,2790,0
18120,2022,2509,4500,0,0,0,0
18121,2022,2509,67200,10020,10020,10020,0
18125,2022,2509,36000,3690,3690,3690,0
18129,2022,2298,18000,1080,1080,1080,0
18136,2022,2303,78000,12720,12720,12720,0
18137,2022,2303,30000,2790,2790,2790,0
18145,2022,4589,84852,14433,14433,14433,0
18146,2022,4589,94080,16764,16764,16764,0
18147,2022,4589,24000,1890,1890,1890,0
18150,2022,4361,78960,12960,12960,12960,0
18156,2022,5236,60000,8370,8370,8370,0
18164,2022,123,9000,180,180,180,0
18168,2022,1331,12000,480,480,480,0
18171,2022,924,54000,7170,7170,7170,0
18179,2022,698,15000,780,780,780,0
18185,2022,1362,36000,3690,3690,3690,0
18186,2022,1362,30000,2790,2790,2790,0
18190,2022,1450,27000,2340,2340,2340,0
18193,2022,1450,12000,480,480,480,0
18200,2022,321,50400,6450,6450,6450,0
18208,2022,1447,336000,99600,99600,99600,0
18209,2022,1447,28000,2490,2490,2490,0
18212,2022,2048,100800,18780,18780,18780,0
18213,2022,2048,18000,1080,1080,1080,0
18216,2022,2465,12000,480,480,480,0
18217,2022,2465,91200,16020,16020,16020,0
18220,2022,1806,100800,18780,18780,18780,0
18221,2022,1806,5880,0,0,0,0
18225,2022,1400,12000,480,480,480,0
18227,2022,1671,36000,3690,3690,3690,0
18229,2022,673,37800,3960,3960,3960,0
18230,2022,153,12000,480,480,480,0
18233,2022,1482,30000,2790,2790,2790,0
18234,2022,1482,36000,3690,3690,3690,0
18238,2022,495,21000,1440,1440,1440,0
18247,2022,961,30000,2790,2790,2790,0
18250,2022,4792,42000,4770,4770,4770,0
18251,2022,4792,121800,25080,25080,25080,0
18255,2022,1956,12600,540,540,540,0
18262,2022,2165,13500,630,630,630,0
18263,2022,2165,36000,3690,3690,3690,0
18268,2022,2165,16000,880,880,880,0
18283,2022,654,60000,8370,8370,8370,0
18289,2022,479,84000,14220,14220,14220,0
18296,2022,230,60000,8370,8370,8370,0
18297,2022,230,72000,11220,11220,11220,0
18301,2022,230,16800,960,960,960,0
18305,2022,1337,24948,2032,2032,2032,0
18311,2022,141,84612,14373,14373,14373,0
18312,2022,141,85812,14673,14673,14673,0
18314,2022,141,15600,840,840,840,0
18317,2022,263,18000,1080,1080,1080,0
18326,2022,1448,60000,8370,8370,8370,0
18340,2022,1652,9000,180,180,180,0
18343,2022,129,27600,2430,2430,2430,0
18352,2022,1954,74400,11820,11820,11820,0
18353,2022,1954,48000,5970,5970,5970,0
18360,2022,127,47208,5812,5812,5812,0
18361,2022,127,31472,3011,3011,3011,0
18382,2022,1224,14400,720,720,720,0
18387,2022,566,1500,0,0,0,0
18392,2022,1103,24000,1890,1890,1890,0
18399,2022,2719,72000,11220,11220,11220,0
18403,2022,1423,72000,11220,11220,11220,0
18431,2022,954,14400,720,720,720,0
18438,2022,175,32400,3150,3150,3150,0
18447,2022,492,36000,3690,3690,3690,0
18448,2022,778,31500,3015,3015,3015,0
18449,2022,778,36000,3690,3690,3690,0
18450,2022,1517,238320,65412,65412,65412,0
18455,2022,1517,24000,1890,1890,1890,0
18459,2022,332,84000,14220,14220,14220,0
18462,2022,177,222000,59700,59700,59700,0
18464,2022,177,24000,1890,1890,1890,0
18465,2022,1345,36000,3690,3690,3690,0
18469,2022,2119,180000,45000,45000,45000,0
18472,2022,2119,4800,0,0,0,0
18473,2022,2119,20400,1350,1350,1350,0
18480,2022,1392,75480,12090,12090,12090,0
18481,2022,299,34200,3420,3420,3420,0
18482,2022,1123,51600,6690,6690,6690,0
18483,2022,1670,48000,5970,5970,5970,0
18488,2022,1745,432000,133200,133200,133200,0
18490,2022,497,84000,14220,14220,14220,0
18491,2022,497,39996,4369,4369,4369,0
18506,2022,109,135660,29481,29481,29481,0
18531,2022,1570,36000,3690,3690,3690,0
18539,2022,991,96000,17340,17340,17340,0
18544,2022,815,78000,12720,12720,12720,0
18551,2022,1327,12000,480,480,480,0
18552,2022,1327,24000,1890,1890,1890,0
18554,2022,2147,144000,32400,32400,32400,0
18558,2022,1680,180000,45000,45000,45000,0
18571,2022,764,10000,280,280,280,0
18572,2022,1912,78000,12720,12720,12720,0
18573,2022,1912,144000,32400,32400,32400,0
18574,2022,1912,48000,5970,5970,5970,0
18578,2022,1762,168000,40800,40800,40800,0
18586,2022,1002,24000,1890,1890,1890,0
18587,2022,441,720000,234000,234000,234000,0
18592,2022,441,20400,1350,1350,1350,0
18593,2022,847,420000,129000,129000,129000,0
18597,2022,643,24000,1890,1890,1890,0
18606,2022,1531,100800,18780,18780,18780,0
18613,2022,3402,96000,17340,17340,17340,0
18620,2022,1068,36000,3690,3690,3690,0
18623,2022,1809,72000,11220,11220,11220,0
18629,2022,2268,36000,3690,3690,3690,0
18634,2022,2534,72000,11220,11220,11220,0
18635,2022,2534,24000,1890,1890,1890,0
18637,2022,289,96000,17340,17340,17340,0
18638,2022,289,6000,0,0,0,0
18641,2022,3614,84000,14220,14220,14220,0
18642,2022,3614,7200,0,0,0,0
18646,2022,2145,36000,3690,3690,3690,0
18648,2022,2145,67200,10020,10020,10020,0
18649,2022,2000,72000,11220,11220,11220,0
18653,2022,2000,30000,2790,2790,2790,0
18661,2022,1626,300000,87000,87000,87000,0
18667,2022,2111,60000,8370,8370,8370,0
18673,2022,120,18000,1080,1080,1080,0
18674,2022,251,90000,15720,15720,15720,0
18693,2022,1043,30000,2790,2790,2790,0
18697,2022,1138,18000,1080,1080,1080,0
18702,2022,114,7200,0,0,0,0
18707,2022,1271,72000,11220,11220,11220,0
18714,2022,1431,16000,880,880,880,0
18738,2022,3255,30000,2790,2790,2790,0
18739,2022,3255,13200,600,600,600,0
18746,2022,215,90000,15720,15720,15720,0
18753,2022,1350,74316,11799,11799,11799,0
18768,2022,1669,55200,7410,7410,7410,0
18769,2022,1669,74316,11799,11799,11799,0
18772,2022,2184,74316,11799,11799,11799,0
18780,2022,3220,74316,11799,11799,11799,0
18791,2022,162,66000,9720,9720,9720,0
18798,2022,2577,2300,0,0,0,0
18801,2022,2288,36000,3690,3690,3690,0
18810,2022,904,30800,2910,2910,2910,0
18819,2022,1166,12000,480,480,480,0
18831,2022,1264,24000,1890,1890,1890,0
18835,2022,700,60000,8370,8370,8370,0
18836,2022,700,36000,3690,3690,3690,0
18844,2022,1916,29000,2640,2640,2640,0
18860,2022,2049,30000,2790,2790,2790,0
18865,2022,1405,28000,2490,2490,2490,0
18866,2022,1405,24000,1890,1890,1890,0
18867,2022,1405,28000,2490,2490,2490,0
18871,2022,378,60000,8370,8370,8370,0
18878,2022,846,114000,22740,22740,22740,0
18879,2022,846,96000,17340,17340,17340,0
18880,2022,823,43978,5166,5166,5166,0
18881,2022,823,90750,15908,15908,15908,0
18882,2022,823,35000,3540,3540,3540,0
18887,2022,932,42000,4770,4770,4770,0
18889,2022,1161,504000,158400,158400,158400,0
18890,2022,1161,226668,61334,61334,61334,0
18893,2022,1161,19800,1260,1260,1260,0
18896,2022,3530,54000,7170,7170,7170,0
18897,2022,3530,9600,240,240,240,0
18899,2022,2670,720000,234000,234000,234000,0
18917,2022,1724,28800,2610,2610,2610,0
18922,2022,1430,96000,17340,17340,17340,0
18923,2022,1430,24000,1890,1890,1890,0
18927,2022,1764,60000,8370,8370,8370,0
18939,2022,2358,16800,960,960,960,0
18941,2022,2358,4640,0,0,0,0
18943,2022,1884,57600,7890,7890,7890,0
18947,2022,1382,38400,4050,4050,4050,0
18952,2022,1110,30000,2790,2790,2790,0
18954,2022,1176,15000,780,780,780,0
18958,2022,1238,86400,14820,14820,14820,0
18959,2022,1238,45000,5370,5370,5370,0
18960,2022,1238,48000,5970,5970,5970,0
18961,2022,1238,1500,0,0,0,0
18966,2022,1652,36000,3690,3690,3690,0
18967,2022,1652,6000,0,0,0,0
18968,2022,3150,12386,519,519,519,0
18969,2022,3150,60000,8370,8370,8370,0
18970,2022,3150,48000,5970,5970,5970,0
18972,2022,2334,120000,24540,24540,24540,0
18973,2022,2334,72000,11220,11220,11220,0
18988,2022,1356,21600,1530,1530,1530,0
19004,2022,701,12000,480,480,480,0
19005,2022,1560,10000,280,280,280,0
19008,2022,140,6000,0,0,0,0
19011,2022,3140,60000,8370,8370,8370,0
19015,2022,3222,12000,480,480,480,0
19017,2022,3222,42000,4770,4770,4770,0
19020,2022,2191,78960,12960,12960,12960,0
19021,2022,1566,78000,12720,12720,12720,0
19022,2022,1566,36000,3690,3690,3690,0
19023,2022,1566,67200,10020,10020,10020,0
19025,2022,1566,42000,4770,4770,4770,0
19032,2022,2450,67200,10020,10020,10020,0
19035,2022,575,47208,5812,5812,5812,0
19036,2022,575,47208,5812,5812,5812,0
19042,2022,153,13200,600,600,600,0
19049,2022,1689,204000,53400,53400,53400,0
19054,2022,1689,36000,3690,3690,3690,0
19057,2022,2506,38500,4070,4070,4070,0
19059,2022,1127,86400,14820,14820,14820,0
19065,2022,2043,2500,0,0,0,0
19070,2022,1215,67200,10020,10020,10020,0
19073,2022,1084,42000,4770,4770,4770,0
19074,2022,1084,59000,8170,8170,8170,0
19083,2022,2035,23496,1814,1814,1814,0
19092,2022,178,24000,1890,1890,1890,0
19093,2022,178,28800,2610,2610,2610,0
19097,2022,949,23496,1814,1814,1814,0
19098,2022,949,64296,9294,9294,9294,0
19100,2022,4178,21600,1530,1530,1530,0
19103,2022,1201,52800,6930,6930,6930,0
19106,2022,407,23496,1814,1814,1814,0
19108,2022,407,12000,480,480,480,0
19109,2022,407,24000,1890,1890,1890,0
19110,2022,1041,90000,15720,15720,15720,0
19111,2022,1041,173400,42690,42690,42690,0
19116,2022,1041,18000,1080,1080,1080,0
19117,2022,1934,78000,12720,12720,12720,0
19118,2022,1934,46800,5730,5730,5730,0
19123,2022,1176,62400,8850,8850,8850,0
19126,2022,445,55200,7410,7410,7410,0
19131,2022,2545,54000,7170,7170,7170,0
19132,2022,2545,32400,3150,3150,3150,0
19134,2022,2545,60000,8370,8370,8370,0
19137,2022,4996,19200,1200,1200,1200,0
19138,2022,4996,14400,720,720,720,0
19139,2022,3018,23496,1814,1814,1814,0
19144,2022,787,28800,2610,2610,2610,0
19147,2022,291,22800,1710,1710,1710,0
19149,2022,1237,26400,2250,2250,2250,0
19157,2022,1455,120000,24540,24540,24540,0
19158,2022,1455,34800,3510,3510,3510,0
19162,2022,153,84852,14433,14433,14433,0
19166,2022,133,36000,3690,3690,3690,0
19171,2022,146,168000,40800,40800,40800,0
19173,2022,146,24500,1965,1965,1965,0
19175,2022,839,145200,32820,32820,32820,0
19176,2022,839,96000,17340,17340,17340,0
19185,2022,308,36000,3690,3690,3690,0
19186,2022,133,152400,35340,35340,35340,0
19196,2022,2285,24000,1890,1890,1890,0
19199,2022,2285,54000,7170,7170,7170,0
19202,2022,137,30000,2790,2790,2790,0
19205,2022,137,18000,1080,1080,1080,0
19207,2022,3981,19488,1229,1229,1229,0
19210,2022,3806,102000,19140,19140,19140,0
19212,2022,2726,18000,1080,1080,1080,0
19219,2022,3202,42000,4770,4770,4770,0
19221,2022,3202,67200,10020,10020,10020,0
19222,2022,3202,102000,19140,19140,19140,0
19233,2022,1337,18000,1080,1080,1080,0
19234,2022,1337,48000,5970,5970,5970,0
19238,2022,1785,18000,1080,1080,1080,0
19239,2022,131,48000,5970,5970,5970,0
19240,2022,131,30000,2790,2790,2790,0
19242,2022,3074,336000,99600,99600,99600,0
19245,2022,304,10500,330,330,330,0
19247,2022,1448,96000,17340,17340,17340,0
19252,2022,2254,134400,29040,29040,29040,0
19258,2022,1512,50400,6450,6450,6450,0
19264,2022,1077,96204,17401,17401,17401,0
19267,2022,2489,54000,7170,7170,7170,0
19275,2022,2597,144000,32400,32400,32400,0
19281,2022,2020,58800,8130,8130,8130,0
19283,2022,567,40000,4370,4370,4370,0
19284,2022,567,40500,4470,4470,4470,0
19287,2022,925,74940,11955,11955,11955,0
19288,2022,1956,67200,10020,10020,10020,0
19290,2022,1956,21000,1440,1440,1440,0
19292,2022,1568,49800,6330,6330,6330,0
19295,2022,1498,5040000,1746000,1746000,1746000,0
19296,2022,1498,85500,14595,14595,14595,0
19301,2022,1000,55200,7410,7410,7410,0
19304,2022,83,24000,1890,1890,1890,0
19310,2022,408,81600,13620,13620,13620,0
19315,2022,408,48000,5970,5970,5970,0
19316,2022,920,156000,36600,36600,36600,0
19317,2022,920,61200,8610,8610,8610,0
19322,2022,639,150000,34500,34500,34500,0
19326,2022,664,600000,192000,192000,192000,0
19327,2022,664,216000,57600,57600,57600,0
19339,2022,1345,60180,8406,8406,8406,0
19344,2022,1437,12000,480,480,480,0
19345,2022,1437,55308,7432,7432,7432,0
19347,2022,1437,55200,7410,7410,7410,0
19348,2022,1043,108672,21142,21142,21142,0
19349,2022,1043,61930,8756,8756,8756,0
19353,2022,634,94380,16854,16854,16854,0
19358,2022,715,50400,6450,6450,6450,0
19361,2022,664,57600,7890,7890,7890,0
19364,2022,126,42000,4770,4770,4770,0
19381,2022,694,64136,9254,9254,9254,0
19383,2022,3572,102000,19140,19140,19140,0
19394,2022,127,132060,28221,28221,28221,0
19395,2022,127,38400,4050,4050,4050,0
19402,2022,5135,11400,420,420,420,0
19403,2022,5135,24000,1890,1890,1890,0
19419,2022,1020,12000,480,480,480,0
19430,2022,861,40000,4370,4370,4370,0
19432,2022,1820,72000,11220,11220,11220,0
19436,2022,2090,96000,17340,17340,17340,0
19438,2022,2090,2000,0,0,0,0
19439,2022,2090,84852,14433,14433,14433,0
19441,2022,115,42000,4770,4770,4770,0
19442,2022,115,96000,17340,17340,17340,0
19443,2022,115,24948,2032,2032,2032,0
19446,2022,115,24948,2032,2032,2032,0
19449,2022,632,96000,17340,17340,17340,0
19450,2022,632,60000,8370,8370,8370,0
19451,2022,1423,24000,1890,1890,1890,0
19452,2022,1423,15000,780,780,780,0
19460,2022,2745,72000,11220,11220,11220,0
19463,2022,2745,96000,17340,17340,17340,0
19465,2022,917,54000,7170,7170,7170,0
19466,2022,917,144000,32400,32400,32400,0
19469,2022,917,24000,1890,1890,1890,0
19474,2022,1794,36000,3690,3690,3690,0
19481,2022,733,24000,1890,1890,1890,0
19486,2022,1586,240000,66000,66000,66000,0
19488,2022,1586,24000,1890,1890,1890,0
19502,2022,1696,48000,5970,5970,5970,0
19508,2022,5190,30000,2790,2790,2790,0
19511,2022,5190,6000,0,0,0,0
19513,2022,1218,44400,5250,5250,5250,0
19514,2022,1218,156750,36862,36862,36862,0
19516,2022,1505,30000,2790,2790,2790,0
19517,2022,1505,21600,1530,1530,1530,0
19518,2022,186,12000,480,480,480,0
19525,2022,2383,12000,480,480,480,0
19526,2022,2517,300000,87000,87000,87000,0
19528,2022,2517,108672,21142,21142,21142,0
19531,2022,2517,18000,1080,1080,1080,0
19534,2022,138,24000,1890,1890,1890,0
19535,2022,138,24000,1890,1890,1890,0
19536,2022,2046,72000,11220,11220,11220,0
19541,2022,2304,15000,780,780,780,0
19553,2022,2044,108000,20940,20940,20940,0
19554,2022,2044,216000,57600,57600,57600,0
19555,2022,2044,88524,15351,15351,15351,0
19557,2022,5609,14400,720,720,720,0
19572,2022,2457,135360,29376,29376,29376,0
19583,2022,2225,180000,45000,45000,45000,0
19593,2022,965,18000,1080,1080,1080,0
19595,2022,292,33600,3330,3330,3330,0
19596,2022,1220,36000,3690,3690,3690,0
19599,2022,1718,72000,11220,11220,11220,0
19602,2022,169,12600,540,540,540,0
19603,2022,169,54000,7170,7170,7170,0
19607,2022,126,48000,5970,5970,5970,0
19615,2022,138,28800,2610,2610,2610,0
19621,2022,933,2160000,738000,738000,738000,0
19622,2022,2006,1296000,435600,435600,435600,0
19623,2022,2006,141600,31560,31560,31560,0
19626,2022,2006,6800,0,0,0,0
19631,2022,5159,18000,1080,1080,1080,0
19632,2022,933,144000,32400,32400,32400,0
19633,2022,942,240000,66000,66000,66000,0
19635,2022,2614,70000,10720,10720,10720,0
19650,2022,1263,1500000,507000,507000,507000,0
19658,2022,1672,264000,74400,74400,74400,0
19665,2022,1759,72000,11220,11220,11220,0
19667,2022,1096,240000,66000,66000,66000,0
19668,2022,1096,264000,74400,74400,74400,0
19670,2022,1730,54000,7170,7170,7170,0
19673,2022,1385,66000,9720,9720,9720,0
19678,2022,1126,300000,87000,87000,87000,0
19686,2022,616,11000,380,380,380,0
19687,2022,1353,160000,38000,38000,38000,0
19688,2022,1353,240000,66000,66000,66000,0
19691,2022,1353,20000,1290,1290,1290,0
19692,2022,1704,144000,32400,32400,32400,0
19696,2022,2471,180000,45000,45000,45000,0
19699,2022,2471,42000,4770,4770,4770,0
19702,2022,126,18000,1080,1080,1080,0
19704,2022,702,192000,49200,49200,49200,0
19711,2022,1227,20867,1420,1420,1420,0
19718,2022,1103,192000,49200,49200,49200,0
19722,2022,418,6000,0,0,0,0
19724,2022,990,36000,3690,3690,3690,0
19725,2022,990,72000,11220,11220,11220,0
19726,2022,1072,150000,34500,34500,34500,0
19728,2022,403,114576,22913,22913,22913,0
19730,2022,179,120000,24540,24540,24540,0
19733,2022,179,276000,78600,78600,78600,0
19735,2022,179,12000,480,480,480,0
19736,2022,179,36000,3690,3690,3690,0
19737,2022,146,64000,9220,9220,9220,0
19738,2022,308,36000,3690,3690,3690,0
19739,2022,308,1200,0,0,0,0
19741,2022,308,21000,1440,1440,1440,0
19746,2022,133,21600,1530,1530,1530,0
19747,2022,1226,180000,45000,45000,45000,0
19751,2022,1226,18000,1080,1080,1080,0
19752,2022,999,60000,8370,8370,8370,0
19754,2022,646,96000,17340,17340,17340,0
19760,2022,1913,360000,108000,108000,108000,0
19761,2022,4651,104400,19860,19860,19860,0
19762,2022,4651,30000,2790,2790,2790,0
19764,2022,2994,48000,5970,5970,5970,0
19766,2022,2994,8800,160,160,160,0
19768,2022,134,34650,3488,3488,3488,0
19769,2022,134,100800,18780,18780,18780,0
19777,2022,2479,39600,4290,4290,4290,0
19780,2022,178,4000,0,0,0,0
19781,2022,1698,24000,1890,1890,1890,0
19821,2022,2115,43200,5010,5010,5010,0
19822,2022,2115,48000,5970,5970,5970,0
19825,2022,168,18000,1080,1080,1080,0
19827,2022,168,12000,480,480,480,0
19829,2022,137,63000,8970,8970,8970,0
19835,2022,1815,60000,8370,8370,8370,0
19840,2022,1371,9600,240,240,240,0
19842,2022,3501,144000,32400,32400,32400,0
19845,2022,938,840000,276000,276000,276000,0
19847,2022,2111,90560,15860,15860,15860,0
19852,2022,842,96000,17340,17340,17340,0
19855,2022,842,96000,17340,17340,17340,0
19856,2022,842,36000,3690,3690,3690,0
19868,2022,2888,60000,8370,8370,8370,0
19870,2022,297,3600,0,0,0,0
19871,2022,297,5400,0,0,0,0
19872,2022,222,20000,1290,1290,1290,0
19881,2022,1251,15000,780,780,780,0
19884,2022,230,16800,960,960,960,0
19891,2022,6994,210000,55500,55500,55500,0
19905,2022,243,9000,180,180,180,0
19920,2022,243,48000,5970,5970,5970,0
19925,2022,297,840000,276000,276000,276000,0
19926,2022,297,11200,400,400,400,0
19927,2022,512,672000,217200,217200,217200,0
19930,2022,3009,42000,4770,4770,4770,0
19937,2022,603,2500,0,0,0,0
19941,2022,132,234000,63900,63900,63900,0
19942,2022,132,5000,0,0,0,0
19944,2022,2513,84000,14220,14220,14220,0
19958,2022,2554,96000,17340,17340,17340,0
19959,2022,2554,96000,17340,17340,17340,0
19962,2022,2200,108000,20940,20940,20940,0
19980,2022,1173,38400,4050,4050,4050,0
19983,2022,730,20000,1290,1290,1290,0
19986,2022,1085,264000,74400,74400,74400,0
19987,2022,1085,18000,1080,1080,1080,0
19990,2022,1093,29400,2700,2700,2700,0
19991,2022,1093,42000,4770,4770,4770,0
19994,2022,1240,36000,3690,3690,3690,0
19996,2022,1240,45600,5490,5490,5490,0
19998,2022,2454,40188,4408,4408,4408,0
19999,2022,2454,31200,2970,2970,2970,0
20003,2022,2454,180000,45000,45000,45000,0
20004,2022,2672,204000,53400,53400,53400,0
20005,2022,2672,63600,9120,9120,9120,0
20012,2022,826,156000,36600,36600,36600,0
20014,2022,826,10000,280,280,280,0
20016,2022,162,120000,24540,24540,24540,0
20017,2022,162,18000,1080,1080,1080,0
20019,2022,162,12000,480,480,480,0
20020,2022,122,44000,5170,5170,5170,0
20021,2022,122,140000,31000,31000,31000,0
20024,2022,122,48000,5970,5970,5970,0
20029,2022,676,72000,11220,11220,11220,0
20031,2022,1110,12600,540,540,540,0
20032,2022,1110,36000,3690,3690,3690,0
20039,2022,984,24000,1890,1890,1890,0
20040,2022,984,2400,0,0,0,0
20041,2022,984,50400,6450,6450,6450,0
20048,2022,2589,4500,0,0,0,0
20049,2022,2589,19200,1200,1200,1200,0
20054,2022,751,12600,540,540,540,0
20056,2022,751,24000,1890,1890,1890,0
20059,2022,115,36000,3690,3690,3690,0
20061,2022,115,4500,0,0,0,0
20066,2022,2118,100800,18780,18780,18780,0
20079,2022,121,126000,26340,26340,26340,0
20083,2022,1743,75600,12120,12120,12120,0
20084,2022,1743,19200,1200,1200,1200,0
20085,2022,1792,78000,12720,12720,12720,0
20091,2022,1083,16800,960,960,960,0
20092,2022,1083,36000,3690,3690,3690,0
20099,2022,3146,12000,480,480,480,0
20100,2022,241,42000,4770,4770,4770,0
20106,2022,124,268800,76080,76080,76080,0
20112,2022,2702,84000,14220,14220,14220,0
20116,2022,124,82104,13746,13746,13746,0
20119,2022,124,84168,14262,14262,14262,0
20120,2022,124,176400,43740,43740,43740,0
20122,2022,124,90447,15832,15832,15832,0
20123,2022,124,9000,180,180,180,0
20129,2022,2450,96180,17394,17394,17394,0
20132,2022,1751,126300,26430,26430,26430,0
20136,2022,1751,18000,1080,1080,1080,0
20148,2022,733,134976,29242,29242,29242,0
20157,2022,330,102276,19223,19223,19223,0
20160,2022,330,34400,3450,3450,3450,0
20161,2022,1000,72000,11220,11220,11220,0
20162,2022,1000,60000,8370,8370,8370,0
20165,2022,771,216000,57600,57600,57600,0
20184,2022,1456,47208,5812,5812,5812,0
20190,2022,1222,135000,29250,29250,29250,0
20193,2022,2168,55308,7432,7432,7432,0
20194,2022,2168,121800,25080,25080,25080,0
20209,2022,838,47208,5812,5812,5812,0
20212,2022,938,33600,3330,3330,3330,0
20216,2022,276,1500,0,0,0,0
20219,2022,1877,15000,780,780,780,0
20226,2022,1496,18000,1080,1080,1080,0
20227,2022,1496,18000,1080,1080,1080,0
20229,2022,120,60000,8370,8370,8370,0
20231,2022,833,42000,4770,4770,4770,0
20232,2022,833,201600,52560,52560,52560,0
20233,2022,833,42000,4770,4770,4770,0
20236,2022,833,24000,1890,1890,1890,0
20237,2022,833,11200,400,400,400,0
20239,2022,131,33000,3240,3240,3240,0
20240,2022,131,42000,4770,4770,4770,0
20243,2022,1870,33480,3312,3312,3312,0
20244,2022,1870,58800,8130,8130,8130,0
20247,2022,2226,24000,1890,1890,1890,0
20252,2022,1013,42000,4770,4770,4770,0
20253,2022,1013,18000,1080,1080,1080,0
20254,2022,1013,20400,1350,1350,1350,0
20255,2022,1668,96000,17340,17340,17340,0
20258,2022,2085,96000,17340,17340,17340,0
20265,2022,119,14400,720,720,720,0
20273,2022,171,36000,3690,3690,3690,0
20276,2022,2070,24000,1890,1890,1890,0
20277,2022,2070,21000,1440,1440,1440,0
20278,2022,854,72000,11220,11220,11220,0
20281,2022,4873,48000,5970,5970,5970,0
20290,2022,289,26400,2250,2250,2250,0
20291,2022,2643,72000,11220,11220,11220,0
20292,2022,2643,60000,8370,8370,8370,0
20295,2022,125,48000,5970,5970,5970,0
20296,2022,516,10500,330,330,330,0
20299,2022,1242,240000,66000,66000,66000,0
20300,2022,1242,120000,24540,24540,24540,0
20302,2022,1525,54000,7170,7170,7170,0
20303,2022,1525,84000,14220,14220,14220,0
20305,2022,1525,18000,1080,1080,1080,0
20307,2022,605,72000,11220,11220,11220,0
20308,2022,605,96000,17340,17340,17340,0
20311,2022,605,7000,0,0,0,0
20312,2022,259,252000,70200,70200,70200,0
20314,2022,259,135000,29250,29250,29250,0
20316,2022,1685,15600,840,840,840,0
20321,2022,1685,24000,1890,1890,1890,0
20322,2022,125,30000,2790,2790,2790,0
20328,2022,928,55200,7410,7410,7410,0
20333,2022,1283,30000,2790,2790,2790,0
20337,2022,1851,48000,5970,5970,5970,0
20338,2022,1851,36000,3690,3690,3690,0
20353,2022,2079,90000,15720,15720,15720,0
20364,2022,123,32400,3150,3150,3150,0
20369,2022,1373,71000,10970,10970,10970,0
20383,2022,3746,55200,7410,7410,7410,0
20388,2022,3746,30000,2790,2790,2790,0
20396,2022,371,18000,1080,1080,1080,0
20398,2022,4017,275000,78250,78250,78250,0
20399,2022,4017,200000,52000,52000,52000,0
20404,2022,4017,17600,1040,1040,1040,0
20420,2022,1639,55000,7370,7370,7370,0
20422,2022,4497,110000,21540,21540,21540,0
20426,2022,872,44000,5170,5170,5170,0
20435,2022,1771,77000,12470,12470,12470,0
20455,2022,1152,33600,3330,3330,3330,0
20488,2022,71,54000,7170,7170,7170,0
20517,2022,113,54000,7170,7170,7170,0
20518,2022,113,60000,8370,8370,8370,0
20522,2022,390,60000,8370,8370,8370,0
20526,2022,12,60000,8370,8370,8370,0
20606,2022,337,75600,12120,12120,12120,0
20611,2022,326,22400,1650,1650,1650,0
20612,2022,326,50400,6450,6450,6450,0
20616,2022,170,624000,200400,200400,200400,0
20620,2022,599,42000,4770,4770,4770,0
20621,2022,599,60000,8370,8370,8370,0
20624,2022,724,24000,1890,1890,1890,0
20625,2022,724,24000,1890,1890,1890,0
20632,2022,305,32400,3150,3150,3150,0
20636,2022,151,1400,0,0,0,0
20638,2022,151,13950,675,675,675,0
20641,2022,1055,10800,360,360,360,0
20642,2022,1055,18000,1080,1080,1080,0
20649,2022,112,92400,16320,16320,16320,0
20650,2022,112,29400,2700,2700,2700,0
20655,2022,417,24096,1904,1904,1904,0
20656,2022,417,55000,7370,7370,7370,0
20660,2022,356,21600,1530,1530,1530,0
20661,2022,356,1600,0,0,0,0
20663,2022,526,70000,10720,10720,10720,0
20664,2022,526,19200,1200,1200,1200,0
20666,2022,233,7000,0,0,0,0
20678,2022,314,84960,14460,14460,14460,0
20679,2022,314,96000,17340,17340,17340,0
20680,2022,16,24000,1890,1890,1890,0
20692,2022,114,138000,30300,30300,30300,0
20694,2022,43,168000,40800,40800,40800,0
20703,2022,25,120000,24540,24540,24540,0
20720,2022,18,25200,2070,2070,2070,0
20730,2022,100,113400,22560,22560,22560,0
20737,2022,100,69300,10545,10545,10545,0
20739,2022,191,336000,99600,99600,99600,0
20744,2022,80,87900,15195,15195,15195,0
20760,2022,266,3360,0,0,0,0
20788,2022,16,36000,3690,3690,3690,0
20799,2022,230,35892,3674,3674,3674,0
20801,2022,128,78000,12720,12720,12720,0
20809,2022,1103,44000,5170,5170,5170,0
20812,2022,270,180000,45000,45000,45000,0
20816,2022,454,39996,4369,4369,4369,0
20817,2022,454,16056,886,886,886,0
20821,2022,239,35976,3686,3686,3686,0
20824,2022,270,30000,2790,2790,2790,0
20825,2022,270,18000,1080,1080,1080,0
20830,2022,225,420000,129000,129000,129000,0
20831,2022,256,101500,18990,18990,18990,0
20837,2022,127,30000,2790,2790,2790,0
20838,2022,79,71720,11150,11150,11150,0
20850,2022,345,20000,1290,1290,1290,0
20856,2022,315,68000,10220,10220,10220,0
20859,2022,17,36720,3798,3798,3798,0
20866,2022,299,72000,11220,11220,11220,0
20881,2022,252,15120,792,792,792,0
20883,2022,252,66000,9720,9720,9720,0
20884,2022,252,17100,990,990,990,0
20889,2022,124,85000,14470,14470,14470,0
20890,2022,124,96000,17340,17340,17340,0
20895,2022,224,30000,2790,2790,2790,0
20896,2022,323,55000,7370,7370,7370,0
20898,2022,323,33600,3330,3330,3330,0
20902,2022,16,4500,0,0,0,0
20903,2022,16,118440,24072,24072,24072,0
20904,2022,16,78000,12720,12720,12720,0
20923,2022,566,56000,7570,7570,7570,0
20924,2022,120,268800,76080,76080,76080,0
20925,2022,120,78000,12720,12720,12720,0
20927,2022,120,30000,2790,2790,2790,0
20929,2022,77,72000,11220,11220,11220,0
20935,2022,144,60000,8370,8370,8370,0
20937,2022,307,62400,8850,8850,8850,0
20938,2022,453,84000,14220,14220,14220,0
20939,2022,453,79560,13110,13110,13110,0
20941,2022,323,72000,11220,11220,11220,0
20949,2022,1095,48000,5970,5970,5970,0
20952,2022,236,97200,17700,17700,17700,0
20953,2022,17,38400,4050,4050,4050,0
20954,2022,230,84000,14220,14220,14220,0
20956,2022,210,24000,1890,1890,1890,0
20958,2022,486,63600,9120,9120,9120,0
20959,2022,486,18000,1080,1080,1080,0
20966,2022,327,96000,17340,17340,17340,0
20967,2022,213,55200,7410,7410,7410,0
20968,2022,483,84000,14220,14220,14220,0
20969,2022,384,45600,5490,5490,5490,0
20970,2022,384,36000,3690,3690,3690,0
20974,2022,163,60000,8370,8370,8370,0
20988,2022,58,15000,780,780,780,0
20989,2022,49,63330,9052,9052,9052,0
20991,2022,292,66000,9720,9720,9720,0
20996,2022,268,9000,180,180,180,0
21007,2022,236,117600,23820,23820,23820,0
21008,2022,253,240000,66000,66000,66000,0
21011,2022,180,30000,2790,2790,2790,0
21024,2022,194,36000,3690,3690,3690,0
21025,2022,181,30000,2790,2790,2790,0
21030,2022,498,24000,1890,1890,1890,0
21032,2022,498,48000,5970,5970,5970,0
21034,2022,257,90000,15720,15720,15720,0
21036,2022,130,3800,0,0,0,0
21039,2022,380,91200,16020,16020,16020,0
21040,2022,380,63600,9120,9120,9120,0
21042,2022,339,84000,14220,14220,14220,0
21047,2022,17,132000,28200,28200,28200,0
21057,2022,19,15000,780,780,780,0
21061,2022,243,47172,5804,5804,5804,0
21063,2022,334,30000,2790,2790,2790,0
21079,2022,762,84000,14220,14220,14220,0
21095,2022,9,84000,14220,14220,14220,0
21104,2022,115,54000,7170,7170,7170,0
21148,2022,536,50400,6450,6450,6450,0
21177,2022,24,30000,2790,2790,2790,0
21184,2022,261,21600,1530,1530,1530,0
21186,2022,261,20400,1350,1350,1350,0
21190,2022,524,73500,11595,11595,11595,0
21202,2022,499,72000,11220,11220,11220,0
21214,2022,222,50000,6370,6370,6370,0
21221,2022,205,84000,14220,14220,14220,0
21262,2022,62,120000,24540,24540,24540,0
21267,2022,11,48000,5970,5970,5970,0
21272,2022,233,24000,1890,1890,1890,0
21281,2022,303,28000,2490,2490,2490,0
21289,2022,10,17500,1030,1030,1030,0
21294,2022,139,96000,17340,17340,17340,0
21299,2022,149,60000,8370,8370,8370,0
21300,2022,149,21000,1440,1440,1440,0
21313,2022,61,100800,18780,18780,18780,0
21318,2022,741,48000,5970,5970,5970,0
21321,2022,741,54000,7170,7170,7170,0
21328,2022,256,36000,3690,3690,3690,0
21378,2022,224,24000,1890,1890,1890,0
21398,2022,480,50000,6370,6370,6370,0
21430,2022,88,60000,8370,8370,8370,0
21431,2022,15,60000,8370,8370,8370,0
21440,2022,389,12000,480,480,480,0
21454,2022,189,50400,6450,6450,6450,0
21455,2022,311,42000,4770,4770,4770,0
21467,2022,615,108000,20940,20940,20940,0
21473,2022,187,47400,5850,5850,5850,0
21477,2022,653,54000,7170,7170,7170,0
21487,2022,321,78000,12720,12720,12720,0
21495,2022,49,8000,80,80,80,0
21499,2022,201,6000,0,0,0,0
21507,2022,602,14000,680,680,680,0
21508,2022,219,45600,5490,5490,5490,0
21509,2022,219,24000,1890,1890,1890,0
21510,2022,355,48000,5970,5970,5970,0
21513,2022,355,31472,3011,3011,3011,0
21514,2022,18,48000,5970,5970,5970,0
21542,2022,28,32000,3090,3090,3090,0
21557,2022,293,100800,18780,18780,18780,0
21567,2022,221,20000,1290,1290,1290,0
21572,2022,433,56000,7570,7570,7570,0
21577,2022,422,20880,1422,1422,1422,0
21580,2022,56,45000,5370,5370,5370,0
21585,2022,231,56000,7570,7570,7570,0
21586,2022,231,3000,0,0,0,0
21598,2022,408,12600,540,540,540,0
21601,2022,213,36000,3690,3690,3690,0
21607,2022,282,123200,25500,25500,25500,0
21615,2022,238,12000,480,480,480,0
21618,2022,291,36000,3690,3690,3690,0
21628,2022,167,67200,10020,10020,10020,0
21629,2022,167,18000,1080,1080,1080,0
21630,2022,167,33600,3330,3330,3330,0
21637,2022,19,50400,6450,6450,6450,0
21649,2022,131,67200,10020,10020,10020,0
21728,2022,496,100800,18780,18780,18780,0
21730,2022,99,120000,24540,24540,24540,0
21731,2022,99,100000,18540,18540,18540,0
21735,2022,192,180000,45000,45000,45000,0
21743,2022,205,108000,20940,20940,20940,0
21748,2022,1088,24000,1890,1890,1890,0
21753,2022,711,54000,7170,7170,7170,0
21758,2022,174,54000,7170,7170,7170,0
21765,2022,1142,18000,1080,1080,1080,0
21766,2022,70,150000,34500,34500,34500,0
21770,2022,54,64800,9420,9420,9420,0
21776,2022,145,22400,1650,1650,1650,0
21780,2022,541,134400,29040,29040,29040,0
21832,2022,52,121800,25080,25080,25080,0
21835,2022,629,30000,2790,2790,2790,0
21836,2022,629,80400,13320,13320,13320,0
21839,2022,472,42000,4770,4770,4770,0
21842,2022,492,14400,720,720,720,0
21843,2022,492,12000,480,480,480,0
21847,2022,28,55000,7370,7370,7370,0
21863,2022,564,90000,15720,15720,15720,0
21866,2022,65,18000,1080,1080,1080,0
21871,2022,132,63852,9183,9183,9183,0
21875,2022,253,85200,14520,14520,14520,0
21879,2022,263,5000,0,0,0,0
21880,2022,448,54000,7170,7170,7170,0
21881,2022,448,42000,4770,4770,4770,0
21883,2022,386,18000,1080,1080,1080,0
21890,2022,89,33000,3240,3240,3240,0
21893,2022,330,31200,2970,2970,2970,0
21894,2022,330,10800,360,360,360,0
21897,2022,301,34089,3403,3403,3403,0
21899,2022,634,107800,20880,20880,20880,0
21901,2022,185,33600,3330,3330,3330,0
21905,2022,271,89100,15495,15495,15495,0
21913,2022,449,33000,3240,3240,3240,0
21916,2022,225,60000,8370,8370,8370,0
21919,2022,225,19800,1260,1260,1260,0
21921,2022,583,42000,4770,4770,4770,0
21922,2022,583,104400,19860,19860,19860,0
21930,2022,23,12000,480,480,480,0
21943,2022,290,18000,1080,1080,1080,0
21955,2022,23,15000,780,780,780,0
21975,2022,4,30000,2790,2790,2790,0
21979,2022,391,42000,4770,4770,4770,0
21980,2022,391,31200,2970,2970,2970,0
21982,2022,4,72000,11220,11220,11220,0
21987,2022,177,45000,5370,5370,5370,0
21988,2022,177,36000,3690,3690,3690,0
21994,2022,442,25920,2178,2178,2178,0
21995,2022,442,12600,540,540,540,0
22000,2022,63,16800,960,960,960,0
22001,2022,247,50400,6450,6450,6450,0
22005,2022,4,125720,26256,26256,26256,0
22010,2022,2763,36000,3690,3690,3690,0
22021,2022,5,20000,1290,1290,1290,0
22022,2022,5,84000,14220,14220,14220,0
22032,2022,1077,60750,8520,8520,8520,0
22036,2022,11,51300,6630,6630,6630,0
22041,2022,12,75600,12120,12120,12120,0
22049,2022,11,67500,10095,10095,10095,0
22056,2022,11,80000,13220,13220,13220,0
22065,2022,1654,34200,3420,3420,3420,0
22070,2022,479,67500,10095,10095,10095,0
22128,2022,4,28000,2490,2490,2490,0
22275,2022,24,48000,5970,5970,5970,0
22317,2022,29,54000,7170,7170,7170,0
22335,2022,135,54240,7218,7218,7218,0
22380,2022,24,57800,7930,7930,7930,0
22384,2022,24,35600,3630,3630,3630,0
22397,2022,1083,168000,40800,40800,40800,0
22405,2022,211,8400,120,120,120,0
22422,2022,15,10000,280,280,280,0
22431,2022,14,11200,400,400,400,0
22437,2022,15,11200,400,400,400,0
22442,2022,15,33600,3330,3330,3330,0
22445,2022,1094,92400,16320,16320,16320,0
22459,2022,4,34620,3483,3483,3483,0
22460,2022,4,84000,14220,14220,14220,0
22469,2022,4,288000,82800,82800,82800,0
22477,2022,495,67200,10020,10020,10020,0
22479,2022,4,25200,2070,2070,2070,0
22481,2022,4,1600,0,0,0,0
22482,2022,383,44400,5250,5250,5250,0
22485,2022,378,33600,3330,3330,3330,0
22488,2022,4,134400,29040,29040,29040,0
22557,2022,21,5000,0,0,0,0
22571,2022,4,60000,8370,8370,8370,0
22572,2022,4,45000,5370,5370,5370,0
22603,2022,21,10800,360,360,360,0
