,weight_2022,citax_2022,Net_Income_2022,weight_ref_2022,citax_ref_2022,Net_Income_ref_2022,weight_ref_2023,citax_ref_2023,Net_Income_ref_2023,weight_ref_2024,citax_ref_2024,Net_Income_ref_2024,weight_ref_2025,citax_ref_2025,Net_Income_ref_2025,weight_ref_2026,citax_ref_2026,Net_Income_ref_2026,weight_ref_2027,citax_ref_2027,Net_Income_ref_2027,weight_ref_2028,citax_ref_2028,Net_Income_ref_2028,weight_ref_2029,citax_ref_2029,Net_Income_ref_2029,weight_ref_2030,citax_ref_2030,Net_Income_ref_2030,ETR,ETR_ref
0,"1,337.0000",0.0000,"-10,926.0000","1,337.0000",0.0000,"-10,926.0000","1,337.0000",0.0000,"-10,926.0000","1,337.0000",0.0000,"-10,926.0000","1,337.0000",0.0000,"-10,926.0000","1,337.0000",0.0000,"-10,926.0000","1,337.0000",0.0000,"-10,926.0000","1,337.0000",0.0000,"-10,926.0000","1,337.0000",0.0000,"-10,926.0000","1,337.0000",0.0000,"-10,926.0000",-0.0000,-0.0000
1,"1,337.0000",0.0000,-187.0000,"1,337.0000",0.0000,-187.0000,"1,337.0000",0.0000,-187.0000,"1,337.0000",0.0000,-187.0000,"1,337.0000",0.0000,-187.0000,"1,337.0000",0.0000,-187.0000,"1,337.0000",0.0000,-187.0000,"1,337.0000",0.0000,-187.0000,"1,337.0000",0.0000,-187.0000,"1,337.0000",0.0000,-187.0000,-0.0000,-0.0000
2,"1,338.0000",0.0000,-29.0000,"1,338.0000",0.0000,-29.0000,"1,338.0000",0.0000,-29.0000,"1,338.0000",0.0000,-29.0000,"1,338.0000",0.0000,-29.0000,"1,338.0000",0.0000,-29.0000,"1,338.0000",0.0000,-29.0000,"1,338.0000",0.0000,-29.0000,"1,338.0000",0.0000,-29.0000,"1,338.0000",0.0000,-29.0000,-0.0000,-0.0000
3,"1,337.0000",0.0000,-1.0000,"1,337.0000",0.0000,-1.0000,"1,337.0000",0.0000,-1.0000,"1,337.0000",0.0000,-1.0000,"1,337.0000",0.0000,-1.0000,"1,337.0000",0.0000,-1.0000,"1,337.0000",0.0000,-1.0000,"1,337.0000",0.0000,-1.0000,"1,337.0000",0.0000,-1.0000,"1,337.0000",0.0000,-1.0000,-0.0000,-0.0000
4,"1,338.0000",0.0000,0.0000,"1,338.0000",0.0000,0.0000,"1,338.0000",0.0000,0.0000,"1,338.0000",0.0000,0.0000,"1,338.0000",0.0000,0.0000,"1,338.0000",0.0000,0.0000,"1,338.0000",0.0000,0.0000,"1,338.0000",0.0000,0.0000,"1,338.0000",0.0000,0.0000,"1,338.0000",0.0000,0.0000,nan,nan
5,"1,337.0000",0.0000,0.0000,"1,337.0000",0.0000,0.0000,"1,337.0000",0.0000,0.0000,"1,337.0000",0.0000,0.0000,"1,337.0000",0.0000,0.0000,"1,337.0000",0.0000,0.0000,"1,337.0000",0.0000,0.0000,"1,337.0000",0.0000,0.0000,"1,337.0000",0.0000,0.0000,"1,337.0000",0.0000,0.0000,nan,nan
6,"1,338.0000",0.0000,0.0000,"1,338.0000",0.0000,0.0000,"1,338.0000",0.0000,0.0000,"1,338.0000",0.0000,0.0000,"1,338.0000",0.0000,0.0000,"1,338.0000",0.0000,0.0000,"1,338.0000",0.0000,0.0000,"1,338.0000",0.0000,0.0000,"1,338.0000",0.0000,0.0000,"1,338.0000",0.0000,0.0000,nan,nan
7,"1,337.0000",0.0000,0.0000,"1,337.0000",0.0000,0.0000,"1,337.0000",0.0000,0.0000,"1,337.0000",0.0000,0.0000,"1,337.0000",0.0000,0.0000,"1,337.0000",0.0000,0.0000,"1,337.0000",0.0000,0.0000,"1,337.0000",0.0000,0.0000,"1,337.0000",0.0000,0.0000,"1,337.0000",0.0000,0.0000,nan,nan
8,"1,338.0000",0.0000,0.0000,"1,338.0000",0.0000,0.0000,"1,338.0000",0.0000,0.0000,"1,338.0000",0.0000,0.0000,"1,338.0000",0.0000,0.0000,"1,338.0000",0.0000,0.0000,"1,338.0000",0.0000,0.0000,"1,338.0000",0.0000,0.0000,"1,338.0000",0.0000,0.0000,"1,338.0000",0.0000,0.0000,nan,nan
9,"1,337.0000",0.0000,0.0000,"1,337.0000",0.0000,0.0000,"1,337.0000",0.0000,0.0000,"1,337.0000",0.0000,0.0000,"1,337.0000",0.0000,0.0000,"1,337.0000",0.0000,0.0000,"1,337.0000",0.0000,0.0000,"1,337.0000",0.0000,0.0000,"1,337.0000",0.0000,0.0000,"1,337.0000",0.0000,0.0000,nan,nan
10,"1,338.0000",0.0000,0.0000,"1,338.0000",0.0000,0.0000,"1,338.0000",0.0000,0.0000,"1,338.0000",0.0000,0.0000,"1,338.0000",0.0000,0.0000,"1,338.0000",0.0000,0.0000,"1,338.0000",0.0000,0.0000,"1,338.0000",0.0000,0.0000,"1,338.0000",0.0000,0.0000,"1,338.0000",0.0000,0.0000,nan,nan
11,"1,337.0000",0.0000,0.0000,"1,337.0000",0.0000,0.0000,"1,337.0000",0.0000,0.0000,"1,337.0000",0.0000,0.0000,"1,337.0000",0.0000,0.0000,"1,337.0000",0.0000,0.0000,"1,337.0000",0.0000,0.0000,"1,337.0000",0.0000,0.0000,"1,337.0000",0.0000,0.0000,"1,337.0000",0.0000,0.0000,nan,nan
12,"1,338.0000",0.0000,0.0000,"1,338.0000",0.0000,0.0000,"1,338.0000",0.0000,0.0000,"1,338.0000",0.0000,0.0000,"1,338.0000",0.0000,0.0000,"1,338.0000",0.0000,0.0000,"1,338.0000",0.0000,0.0000,"1,338.0000",0.0000,0.0000,"1,338.0000",0.0000,0.0000,"1,338.0000",0.0000,0.0000,nan,nan
13,"1,337.0000",0.0000,0.0000,"1,337.0000",0.0000,0.0000,"1,337.0000",0.0000,0.0000,"1,337.0000",0.0000,0.0000,"1,337.0000",0.0000,0.0000,"1,337.0000",0.0000,0.0000,"1,337.0000",0.0000,0.0000,"1,337.0000",0.0000,0.0000,"1,337.0000",0.0000,0.0000,"1,337.0000",0.0000,0.0000,nan,nan
14,"1,338.0000",0.0000,0.0000,"1,338.0000",0.0000,0.0000,"1,338.0000",0.0000,0.0000,"1,338.0000",0.0000,0.0000,"1,338.0000",0.0000,0.0000,"1,338.0000",0.0000,0.0000,"1,338.0000",0.0000,0.0000,"1,338.0000",0.0000,0.0000,"1,338.0000",0.0000,0.0000,"1,338.0000",0.0000,0.0000,nan,nan
15,"1,337.0000",0.0000,0.0000,"1,337.0000",0.0000,0.0000,"1,337.0000",0.0000,0.0000,"1,337.0000",0.0000,0.0000,"1,337.0000",0.0000,0.0000,"1,337.0000",0.0000,0.0000,"1,337.0000",0.0000,0.0000,"1,337.0000",0.0000,0.0000,"1,337.0000",0.0000,0.0000,"1,337.0000",0.0000,0.0000,nan,nan
16,"1,338.0000",0.0000,1.0000,"1,338.0000",0.0000,1.0000,"1,338.0000",0.0000,1.0000,"1,338.0000",0.0000,1.0000,"1,338.0000",0.0000,1.0000,"1,338.0000",0.0000,1.0000,"1,338.0000",0.0000,1.0000,"1,338.0000",0.0000,1.0000,"1,338.0000",0.0000,1.0000,"1,338.0000",0.0000,1.0000,0.0000,0.0000
17,"1,337.0000",0.0000,8.0000,"1,337.0000",0.0000,8.0000,"1,337.0000",0.0000,8.0000,"1,337.0000",0.0000,8.0000,"1,337.0000",0.0000,8.0000,"1,337.0000",0.0000,8.0000,"1,337.0000",0.0000,8.0000,"1,337.0000",0.0000,8.0000,"1,337.0000",0.0000,8.0000,"1,337.0000",0.0000,8.0000,0.0000,0.0000
18,"1,338.0000",1.0000,15.0000,"1,338.0000",1.0000,15.0000,"1,338.0000",1.0000,15.0000,"1,338.0000",1.0000,15.0000,"1,338.0000",1.0000,15.0000,"1,338.0000",1.0000,15.0000,"1,338.0000",1.0000,15.0000,"1,338.0000",1.0000,15.0000,"1,338.0000",1.0000,15.0000,"1,338.0000",1.0000,15.0000,0.0667,0.0667
19,"1,337.0000",1.0000,22.0000,"1,337.0000",1.0000,22.0000,"1,337.0000",1.0000,22.0000,"1,337.0000",1.0000,22.0000,"1,337.0000",1.0000,22.0000,"1,337.0000",1.0000,22.0000,"1,337.0000",1.0000,22.0000,"1,337.0000",1.0000,22.0000,"1,337.0000",1.0000,22.0000,"1,337.0000",1.0000,22.0000,0.0455,0.0455
20,"1,338.0000",2.0000,27.0000,"1,338.0000",2.0000,27.0000,"1,338.0000",2.0000,27.0000,"1,338.0000",2.0000,27.0000,"1,338.0000",2.0000,27.0000,"1,338.0000",2.0000,27.0000,"1,338.0000",2.0000,27.0000,"1,338.0000",2.0000,27.0000,"1,338.0000",2.0000,27.0000,"1,338.0000",2.0000,27.0000,0.0741,0.0741
21,"1,337.0000",2.0000,32.0000,"1,337.0000",2.0000,32.0000,"1,337.0000",2.0000,32.0000,"1,337.0000",2.0000,32.0000,"1,337.0000",2.0000,32.0000,"1,337.0000",2.0000,32.0000,"1,337.0000",2.0000,32.0000,"1,337.0000",2.0000,32.0000,"1,337.0000",2.0000,32.0000,"1,337.0000",2.0000,32.0000,0.0625,0.0625
22,"1,338.0000",3.0000,38.0000,"1,338.0000",3.0000,38.0000,"1,338.0000",3.0000,38.0000,"1,338.0000",3.0000,38.0000,"1,338.0000",3.0000,38.0000,"1,338.0000",3.0000,38.0000,"1,338.0000",3.0000,38.0000,"1,338.0000",3.0000,38.0000,"1,338.0000",3.0000,38.0000,"1,338.0000",3.0000,38.0000,0.0789,0.0789
23,"1,337.0000",4.0000,42.0000,"1,337.0000",4.0000,42.0000,"1,337.0000",4.0000,42.0000,"1,337.0000",4.0000,42.0000,"1,337.0000",4.0000,42.0000,"1,337.0000",4.0000,42.0000,"1,337.0000",4.0000,42.0000,"1,337.0000",4.0000,42.0000,"1,337.0000",4.0000,42.0000,"1,337.0000",4.0000,42.0000,0.0952,0.0952
24,"1,338.0000",5.0000,48.0000,"1,338.0000",5.0000,48.0000,"1,338.0000",5.0000,48.0000,"1,338.0000",5.0000,48.0000,"1,338.0000",5.0000,48.0000,"1,338.0000",5.0000,48.0000,"1,338.0000",5.0000,48.0000,"1,338.0000",5.0000,48.0000,"1,338.0000",5.0000,48.0000,"1,338.0000",5.0000,48.0000,0.1042,0.1042
25,"1,337.0000",6.0000,53.0000,"1,337.0000",6.0000,53.0000,"1,337.0000",6.0000,53.0000,"1,337.0000",6.0000,53.0000,"1,337.0000",6.0000,53.0000,"1,337.0000",6.0000,53.0000,"1,337.0000",6.0000,53.0000,"1,337.0000",6.0000,53.0000,"1,337.0000",6.0000,53.0000,"1,337.0000",6.0000,53.0000,0.1132,0.1132
26,"1,338.0000",7.0000,58.0000,"1,338.0000",7.0000,58.0000,"1,338.0000",7.0000,58.0000,"1,338.0000",7.0000,58.0000,"1,338.0000",7.0000,58.0000,"1,338.0000",7.0000,58.0000,"1,338.0000",7.0000,58.0000,"1,338.0000",7.0000,58.0000,"1,338.0000",7.0000,58.0000,"1,338.0000",7.0000,58.0000,0.1207,0.1207
27,"1,337.0000",7.0000,62.0000,"1,337.0000",7.0000,62.0000,"1,337.0000",7.0000,62.0000,"1,337.0000",7.0000,62.0000,"1,337.0000",7.0000,62.0000,"1,337.0000",7.0000,62.0000,"1,337.0000",7.0000,62.0000,"1,337.0000",7.0000,62.0000,"1,337.0000",7.0000,62.0000,"1,337.0000",7.0000,62.0000,0.1129,0.1129
28,"1,338.0000",8.0000,66.0000,"1,338.0000",8.0000,66.0000,"1,338.0000",8.0000,66.0000,"1,338.0000",8.0000,66.0000,"1,338.0000",8.0000,66.0000,"1,338.0000",8.0000,66.0000,"1,338.0000",8.0000,66.0000,"1,338.0000",8.0000,66.0000,"1,338.0000",8.0000,66.0000,"1,338.0000",8.0000,66.0000,0.1212,0.1212
29,"1,337.0000",9.0000,69.0000,"1,337.0000",9.0000,69.0000,"1,337.0000",9.0000,69.0000,"1,337.0000",9.0000,69.0000,"1,337.0000",9.0000,69.0000,"1,337.0000",9.0000,69.0000,"1,337.0000",9.0000,69.0000,"1,337.0000",9.0000,69.0000,"1,337.0000",9.0000,69.0000,"1,337.0000",9.0000,69.0000,0.1304,0.1304
30,"1,338.0000",10.0000,73.0000,"1,338.0000",10.0000,73.0000,"1,338.0000",10.0000,73.0000,"1,338.0000",10.0000,73.0000,"1,338.0000",10.0000,73.0000,"1,338.0000",10.0000,73.0000,"1,338.0000",10.0000,73.0000,"1,338.0000",10.0000,73.0000,"1,338.0000",10.0000,73.0000,"1,338.0000",10.0000,73.0000,0.1370,0.1370
31,"1,337.0000",10.0000,78.0000,"1,337.0000",10.0000,78.0000,"1,337.0000",10.0000,78.0000,"1,337.0000",10.0000,78.0000,"1,337.0000",10.0000,78.0000,"1,337.0000",10.0000,78.0000,"1,337.0000",10.0000,78.0000,"1,337.0000",10.0000,78.0000,"1,337.0000",10.0000,78.0000,"1,337.0000",10.0000,78.0000,0.1282,0.1282
32,"1,338.0000",11.0000,81.0000,"1,338.0000",11.0000,81.0000,"1,338.0000",11.0000,81.0000,"1,338.0000",11.0000,81.0000,"1,338.0000",11.0000,81.0000,"1,338.0000",11.0000,81.0000,"1,338.0000",11.0000,81.0000,"1,338.0000",11.0000,81.0000,"1,338.0000",11.0000,81.0000,"1,338.0000",11.0000,81.0000,0.1358,0.1358
33,"1,337.0000",12.0000,84.0000,"1,337.0000",12.0000,84.0000,"1,337.0000",12.0000,84.0000,"1,337.0000",12.0000,84.0000,"1,337.0000",12.0000,84.0000,"1,337.0000",12.0000,84.0000,"1,337.0000",12.0000,84.0000,"1,337.0000",12.0000,84.0000,"1,337.0000",12.0000,84.0000,"1,337.0000",12.0000,84.0000,0.1429,0.1429
34,"1,338.0000",13.0000,88.0000,"1,338.0000",13.0000,88.0000,"1,338.0000",13.0000,88.0000,"1,338.0000",13.0000,88.0000,"1,338.0000",13.0000,88.0000,"1,338.0000",13.0000,88.0000,"1,338.0000",13.0000,88.0000,"1,338.0000",13.0000,88.0000,"1,338.0000",13.0000,88.0000,"1,338.0000",13.0000,88.0000,0.1477,0.1477
35,"1,337.0000",14.0000,92.0000,"1,337.0000",14.0000,92.0000,"1,337.0000",14.0000,92.0000,"1,337.0000",14.0000,92.0000,"1,337.0000",14.0000,92.0000,"1,337.0000",14.0000,92.0000,"1,337.0000",14.0000,92.0000,"1,337.0000",14.0000,92.0000,"1,337.0000",14.0000,92.0000,"1,337.0000",14.0000,92.0000,0.1522,0.1522
36,"1,338.0000",15.0000,96.0000,"1,338.0000",15.0000,96.0000,"1,338.0000",15.0000,96.0000,"1,338.0000",15.0000,96.0000,"1,338.0000",15.0000,96.0000,"1,338.0000",15.0000,96.0000,"1,338.0000",15.0000,96.0000,"1,338.0000",15.0000,96.0000,"1,338.0000",15.0000,96.0000,"1,338.0000",15.0000,96.0000,0.1562,0.1562
37,"1,337.0000",16.0000,100.0000,"1,337.0000",16.0000,100.0000,"1,337.0000",16.0000,100.0000,"1,337.0000",16.0000,100.0000,"1,337.0000",16.0000,100.0000,"1,337.0000",16.0000,100.0000,"1,337.0000",16.0000,100.0000,"1,337.0000",16.0000,100.0000,"1,337.0000",16.0000,100.0000,"1,337.0000",16.0000,100.0000,0.1600,0.1600
38,"1,338.0000",16.0000,103.0000,"1,338.0000",16.0000,103.0000,"1,338.0000",16.0000,103.0000,"1,338.0000",16.0000,103.0000,"1,338.0000",16.0000,103.0000,"1,338.0000",16.0000,103.0000,"1,338.0000",16.0000,103.0000,"1,338.0000",16.0000,103.0000,"1,338.0000",16.0000,103.0000,"1,338.0000",16.0000,103.0000,0.1553,0.1553
39,"1,337.0000",17.0000,106.0000,"1,337.0000",17.0000,106.0000,"1,337.0000",17.0000,106.0000,"1,337.0000",17.0000,106.0000,"1,337.0000",17.0000,106.0000,"1,337.0000",17.0000,106.0000,"1,337.0000",17.0000,106.0000,"1,337.0000",17.0000,106.0000,"1,337.0000",17.0000,106.0000,"1,337.0000",17.0000,106.0000,0.1604,0.1604
40,"1,338.0000",18.0000,110.0000,"1,338.0000",18.0000,110.0000,"1,338.0000",18.0000,110.0000,"1,338.0000",18.0000,110.0000,"1,338.0000",18.0000,110.0000,"1,338.0000",18.0000,110.0000,"1,338.0000",18.0000,110.0000,"1,338.0000",18.0000,110.0000,"1,338.0000",18.0000,110.0000,"1,338.0000",18.0000,110.0000,0.1636,0.1636
41,"1,337.0000",19.0000,114.0000,"1,337.0000",19.0000,114.0000,"1,337.0000",19.0000,114.0000,"1,337.0000",19.0000,114.0000,"1,337.0000",19.0000,114.0000,"1,337.0000",19.0000,114.0000,"1,337.0000",19.0000,114.0000,"1,337.0000",19.0000,114.0000,"1,337.0000",19.0000,114.0000,"1,337.0000",19.0000,114.0000,0.1667,0.1667
42,"1,338.0000",20.0000,118.0000,"1,338.0000",20.0000,118.0000,"1,338.0000",20.0000,118.0000,"1,338.0000",20.0000,118.0000,"1,338.0000",20.0000,118.0000,"1,338.0000",20.0000,118.0000,"1,338.0000",20.0000,118.0000,"1,338.0000",20.0000,118.0000,"1,338.0000",20.0000,118.0000,"1,338.0000",20.0000,118.0000,0.1695,0.1695
43,"1,337.0000",21.0000,121.0000,"1,337.0000",21.0000,121.0000,"1,337.0000",21.0000,121.0000,"1,337.0000",21.0000,121.0000,"1,337.0000",21.0000,121.0000,"1,337.0000",21.0000,121.0000,"1,337.0000",21.0000,121.0000,"1,337.0000",21.0000,121.0000,"1,337.0000",21.0000,121.0000,"1,337.0000",21.0000,121.0000,0.1736,0.1736
44,"1,338.0000",22.0000,125.0000,"1,338.0000",22.0000,125.0000,"1,338.0000",22.0000,125.0000,"1,338.0000",22.0000,125.0000,"1,338.0000",22.0000,125.0000,"1,338.0000",22.0000,125.0000,"1,338.0000",22.0000,125.0000,"1,338.0000",22.0000,125.0000,"1,338.0000",22.0000,125.0000,"1,338.0000",22.0000,125.0000,0.1760,0.1760
45,"1,337.0000",23.0000,128.0000,"1,337.0000",23.0000,128.0000,"1,337.0000",23.0000,128.0000,"1,337.0000",23.0000,128.0000,"1,337.0000",23.0000,128.0000,"1,337.0000",23.0000,128.0000,"1,337.0000",23.0000,128.0000,"1,337.0000",23.0000,128.0000,"1,337.0000",23.0000,128.0000,"1,337.0000",23.0000,128.0000,0.1797,0.1797
46,"1,338.0000",24.0000,132.0000,"1,338.0000",24.0000,132.0000,"1,338.0000",24.0000,132.0000,"1,338.0000",24.0000,132.0000,"1,338.0000",24.0000,132.0000,"1,338.0000",24.0000,132.0000,"1,338.0000",24.0000,132.0000,"1,338.0000",24.0000,132.0000,"1,338.0000",24.0000,132.0000,"1,338.0000",24.0000,132.0000,0.1818,0.1818
47,"1,337.0000",25.0000,135.0000,"1,337.0000",25.0000,135.0000,"1,337.0000",25.0000,135.0000,"1,337.0000",25.0000,135.0000,"1,337.0000",25.0000,135.0000,"1,337.0000",25.0000,135.0000,"1,337.0000",25.0000,135.0000,"1,337.0000",25.0000,135.0000,"1,337.0000",25.0000,135.0000,"1,337.0000",25.0000,135.0000,0.1852,0.1852
48,"1,338.0000",26.0000,139.0000,"1,338.0000",26.0000,139.0000,"1,338.0000",26.0000,139.0000,"1,338.0000",26.0000,139.0000,"1,338.0000",26.0000,139.0000,"1,338.0000",26.0000,139.0000,"1,338.0000",26.0000,139.0000,"1,338.0000",26.0000,139.0000,"1,338.0000",26.0000,139.0000,"1,338.0000",26.0000,139.0000,0.1871,0.1871
49,"1,337.0000",27.0000,143.0000,"1,337.0000",27.0000,143.0000,"1,337.0000",27.0000,143.0000,"1,337.0000",27.0000,143.0000,"1,337.0000",27.0000,143.0000,"1,337.0000",27.0000,143.0000,"1,337.0000",27.0000,143.0000,"1,337.0000",27.0000,143.0000,"1,337.0000",27.0000,143.0000,"1,337.0000",27.0000,143.0000,0.1888,0.1888
50,"1,337.0000",28.0000,148.0000,"1,337.0000",28.0000,148.0000,"1,337.0000",28.0000,148.0000,"1,337.0000",28.0000,148.0000,"1,337.0000",28.0000,148.0000,"1,337.0000",28.0000,148.0000,"1,337.0000",28.0000,148.0000,"1,337.0000",28.0000,148.0000,"1,337.0000",28.0000,148.0000,"1,337.0000",28.0000,148.0000,0.1892,0.1892
51,"1,338.0000",30.0000,152.0000,"1,338.0000",30.0000,152.0000,"1,338.0000",30.0000,152.0000,"1,338.0000",30.0000,152.0000,"1,338.0000",30.0000,152.0000,"1,338.0000",30.0000,152.0000,"1,338.0000",30.0000,152.0000,"1,338.0000",30.0000,152.0000,"1,338.0000",30.0000,152.0000,"1,338.0000",30.0000,152.0000,0.1974,0.1974
52,"1,337.0000",31.0000,157.0000,"1,337.0000",31.0000,157.0000,"1,337.0000",31.0000,157.0000,"1,337.0000",31.0000,157.0000,"1,337.0000",31.0000,157.0000,"1,337.0000",31.0000,157.0000,"1,337.0000",31.0000,157.0000,"1,337.0000",31.0000,157.0000,"1,337.0000",31.0000,157.0000,"1,337.0000",31.0000,157.0000,0.1975,0.1975
53,"1,338.0000",33.0000,161.0000,"1,338.0000",33.0000,161.0000,"1,338.0000",33.0000,161.0000,"1,338.0000",33.0000,161.0000,"1,338.0000",33.0000,161.0000,"1,338.0000",33.0000,161.0000,"1,338.0000",33.0000,161.0000,"1,338.0000",33.0000,161.0000,"1,338.0000",33.0000,161.0000,"1,338.0000",33.0000,161.0000,0.2050,0.2050
54,"1,337.0000",34.0000,166.0000,"1,337.0000",34.0000,166.0000,"1,337.0000",34.0000,166.0000,"1,337.0000",34.0000,166.0000,"1,337.0000",34.0000,166.0000,"1,337.0000",34.0000,166.0000,"1,337.0000",34.0000,166.0000,"1,337.0000",34.0000,166.0000,"1,337.0000",34.0000,166.0000,"1,337.0000",34.0000,166.0000,0.2048,0.2048
55,"1,338.0000",35.0000,171.0000,"1,338.0000",35.0000,171.0000,"1,338.0000",35.0000,171.0000,"1,338.0000",35.0000,171.0000,"1,338.0000",35.0000,171.0000,"1,338.0000",35.0000,171.0000,"1,338.0000",35.0000,171.0000,"1,338.0000",35.0000,171.0000,"1,338.0000",35.0000,171.0000,"1,338.0000",35.0000,171.0000,0.2047,0.2047
56,"1,337.0000",37.0000,176.0000,"1,337.0000",37.0000,176.0000,"1,337.0000",37.0000,176.0000,"1,337.0000",37.0000,176.0000,"1,337.0000",37.0000,176.0000,"1,337.0000",37.0000,176.0000,"1,337.0000",37.0000,176.0000,"1,337.0000",37.0000,176.0000,"1,337.0000",37.0000,176.0000,"1,337.0000",37.0000,176.0000,0.2102,0.2102
57,"1,338.0000",39.0000,181.0000,"1,338.0000",39.0000,181.0000,"1,338.0000",39.0000,181.0000,"1,338.0000",39.0000,181.0000,"1,338.0000",39.0000,181.0000,"1,338.0000",39.0000,181.0000,"1,338.0000",39.0000,181.0000,"1,338.0000",39.0000,181.0000,"1,338.0000",39.0000,181.0000,"1,338.0000",39.0000,181.0000,0.2155,0.2155
58,"1,337.0000",40.0000,185.0000,"1,337.0000",40.0000,185.0000,"1,337.0000",40.0000,185.0000,"1,337.0000",40.0000,185.0000,"1,337.0000",40.0000,185.0000,"1,337.0000",40.0000,185.0000,"1,337.0000",40.0000,185.0000,"1,337.0000",40.0000,185.0000,"1,337.0000",40.0000,185.0000,"1,337.0000",40.0000,185.0000,0.2162,0.2162
59,"1,338.0000",42.0000,191.0000,"1,338.0000",42.0000,191.0000,"1,338.0000",42.0000,191.0000,"1,338.0000",42.0000,191.0000,"1,338.0000",42.0000,191.0000,"1,338.0000",42.0000,191.0000,"1,338.0000",42.0000,191.0000,"1,338.0000",42.0000,191.0000,"1,338.0000",42.0000,191.0000,"1,338.0000",42.0000,191.0000,0.2199,0.2199
60,"1,337.0000",44.0000,197.0000,"1,337.0000",44.0000,197.0000,"1,337.0000",44.0000,197.0000,"1,337.0000",44.0000,197.0000,"1,337.0000",44.0000,197.0000,"1,337.0000",44.0000,197.0000,"1,337.0000",44.0000,197.0000,"1,337.0000",44.0000,197.0000,"1,337.0000",44.0000,197.0000,"1,337.0000",44.0000,197.0000,0.2234,0.2234
61,"1,338.0000",46.0000,202.0000,"1,338.0000",46.0000,202.0000,"1,338.0000",46.0000,202.0000,"1,338.0000",46.0000,202.0000,"1,338.0000",46.0000,202.0000,"1,338.0000",46.0000,202.0000,"1,338.0000",46.0000,202.0000,"1,338.0000",46.0000,202.0000,"1,338.0000",46.0000,202.0000,"1,338.0000",46.0000,202.0000,0.2277,0.2277
62,"1,337.0000",48.0000,208.0000,"1,337.0000",48.0000,208.0000,"1,337.0000",48.0000,208.0000,"1,337.0000",48.0000,208.0000,"1,337.0000",48.0000,208.0000,"1,337.0000",48.0000,208.0000,"1,337.0000",48.0000,208.0000,"1,337.0000",48.0000,208.0000,"1,337.0000",48.0000,208.0000,"1,337.0000",48.0000,208.0000,0.2308,0.2308
63,"1,338.0000",50.0000,214.0000,"1,338.0000",50.0000,214.0000,"1,338.0000",50.0000,214.0000,"1,338.0000",50.0000,214.0000,"1,338.0000",50.0000,214.0000,"1,338.0000",50.0000,214.0000,"1,338.0000",50.0000,214.0000,"1,338.0000",50.0000,214.0000,"1,338.0000",50.0000,214.0000,"1,338.0000",50.0000,214.0000,0.2336,0.2336
64,"1,337.0000",53.0000,221.0000,"1,337.0000",53.0000,221.0000,"1,337.0000",53.0000,221.0000,"1,337.0000",53.0000,221.0000,"1,337.0000",53.0000,221.0000,"1,337.0000",53.0000,221.0000,"1,337.0000",53.0000,221.0000,"1,337.0000",53.0000,221.0000,"1,337.0000",53.0000,221.0000,"1,337.0000",53.0000,221.0000,0.2398,0.2398
65,"1,338.0000",55.0000,229.0000,"1,338.0000",55.0000,229.0000,"1,338.0000",55.0000,229.0000,"1,338.0000",55.0000,229.0000,"1,338.0000",55.0000,229.0000,"1,338.0000",55.0000,229.0000,"1,338.0000",55.0000,229.0000,"1,338.0000",55.0000,229.0000,"1,338.0000",55.0000,229.0000,"1,338.0000",55.0000,229.0000,0.2402,0.2402
66,"1,337.0000",58.0000,237.0000,"1,337.0000",58.0000,237.0000,"1,337.0000",58.0000,237.0000,"1,337.0000",58.0000,237.0000,"1,337.0000",58.0000,237.0000,"1,337.0000",58.0000,237.0000,"1,337.0000",58.0000,237.0000,"1,337.0000",58.0000,237.0000,"1,337.0000",58.0000,237.0000,"1,337.0000",58.0000,237.0000,0.2447,0.2447
67,"1,338.0000",61.0000,246.0000,"1,338.0000",61.0000,246.0000,"1,338.0000",61.0000,246.0000,"1,338.0000",61.0000,246.0000,"1,338.0000",61.0000,246.0000,"1,338.0000",61.0000,246.0000,"1,338.0000",61.0000,246.0000,"1,338.0000",61.0000,246.0000,"1,338.0000",61.0000,246.0000,"1,338.0000",61.0000,246.0000,0.2480,0.2480
68,"1,337.0000",64.0000,255.0000,"1,337.0000",64.0000,255.0000,"1,337.0000",64.0000,255.0000,"1,337.0000",64.0000,255.0000,"1,337.0000",64.0000,255.0000,"1,337.0000",64.0000,255.0000,"1,337.0000",64.0000,255.0000,"1,337.0000",64.0000,255.0000,"1,337.0000",64.0000,255.0000,"1,337.0000",64.0000,255.0000,0.2510,0.2510
69,"1,338.0000",68.0000,264.0000,"1,338.0000",68.0000,264.0000,"1,338.0000",68.0000,264.0000,"1,338.0000",68.0000,264.0000,"1,338.0000",68.0000,264.0000,"1,338.0000",68.0000,264.0000,"1,338.0000",68.0000,264.0000,"1,338.0000",68.0000,264.0000,"1,338.0000",68.0000,264.0000,"1,338.0000",68.0000,264.0000,0.2576,0.2576
70,"1,337.0000",70.0000,274.0000,"1,337.0000",70.0000,274.0000,"1,337.0000",70.0000,274.0000,"1,337.0000",70.0000,274.0000,"1,337.0000",70.0000,274.0000,"1,337.0000",70.0000,274.0000,"1,337.0000",70.0000,274.0000,"1,337.0000",70.0000,274.0000,"1,337.0000",70.0000,274.0000,"1,337.0000",70.0000,274.0000,0.2555,0.2555
71,"1,338.0000",74.0000,285.0000,"1,338.0000",74.0000,285.0000,"1,338.0000",74.0000,285.0000,"1,338.0000",74.0000,285.0000,"1,338.0000",74.0000,285.0000,"1,338.0000",74.0000,285.0000,"1,338.0000",74.0000,285.0000,"1,338.0000",74.0000,285.0000,"1,338.0000",74.0000,285.0000,"1,338.0000",74.0000,285.0000,0.2596,0.2596
72,"1,337.0000",78.0000,297.0000,"1,337.0000",78.0000,297.0000,"1,337.0000",78.0000,297.0000,"1,337.0000",78.0000,297.0000,"1,337.0000",78.0000,297.0000,"1,337.0000",78.0000,297.0000,"1,337.0000",78.0000,297.0000,"1,337.0000",78.0000,297.0000,"1,337.0000",78.0000,297.0000,"1,337.0000",78.0000,297.0000,0.2626,0.2626
73,"1,338.0000",83.0000,311.0000,"1,338.0000",83.0000,311.0000,"1,338.0000",83.0000,311.0000,"1,338.0000",83.0000,311.0000,"1,338.0000",83.0000,311.0000,"1,338.0000",83.0000,311.0000,"1,338.0000",83.0000,311.0000,"1,338.0000",83.0000,311.0000,"1,338.0000",83.0000,311.0000,"1,338.0000",83.0000,311.0000,0.2669,0.2669
74,"1,337.0000",88.0000,325.0000,"1,337.0000",88.0000,325.0000,"1,337.0000",88.0000,325.0000,"1,337.0000",88.0000,325.0000,"1,337.0000",88.0000,325.0000,"1,337.0000",88.0000,325.0000,"1,337.0000",88.0000,325.0000,"1,337.0000",88.0000,325.0000,"1,337.0000",88.0000,325.0000,"1,337.0000",88.0000,325.0000,0.2708,0.2708
75,"1,338.0000",94.0000,341.0000,"1,338.0000",94.0000,341.0000,"1,338.0000",94.0000,341.0000,"1,338.0000",94.0000,341.0000,"1,338.0000",94.0000,341.0000,"1,338.0000",94.0000,341.0000,"1,338.0000",94.0000,341.0000,"1,338.0000",94.0000,341.0000,"1,338.0000",94.0000,341.0000,"1,338.0000",94.0000,341.0000,0.2757,0.2757
76,"1,337.0000",99.0000,358.0000,"1,337.0000",99.0000,358.0000,"1,337.0000",99.0000,358.0000,"1,337.0000",99.0000,358.0000,"1,337.0000",99.0000,358.0000,"1,337.0000",99.0000,358.0000,"1,337.0000",99.0000,358.0000,"1,337.0000",99.0000,358.0000,"1,337.0000",99.0000,358.0000,"1,337.0000",99.0000,358.0000,0.2765,0.2765
77,"1,338.0000",106.0000,378.0000,"1,338.0000",106.0000,378.0000,"1,338.0000",106.0000,378.0000,"1,338.0000",106.0000,378.0000,"1,338.0000",106.0000,378.0000,"1,338.0000",106.0000,378.0000,"1,338.0000",106.0000,378.0000,"1,338.0000",106.0000,378.0000,"1,338.0000",106.0000,378.0000,"1,338.0000",106.0000,378.0000,0.2804,0.2804
78,"1,337.0000",112.0000,398.0000,"1,337.0000",112.0000,398.0000,"1,337.0000",112.0000,398.0000,"1,337.0000",112.0000,398.0000,"1,337.0000",112.0000,398.0000,"1,337.0000",112.0000,398.0000,"1,337.0000",112.0000,398.0000,"1,337.0000",112.0000,398.0000,"1,337.0000",112.0000,398.0000,"1,337.0000",112.0000,398.0000,0.2814,0.2814
79,"1,338.0000",121.0000,422.0000,"1,338.0000",121.0000,422.0000,"1,338.0000",121.0000,422.0000,"1,338.0000",121.0000,422.0000,"1,338.0000",121.0000,422.0000,"1,338.0000",121.0000,422.0000,"1,338.0000",121.0000,422.0000,"1,338.0000",121.0000,422.0000,"1,338.0000",121.0000,422.0000,"1,338.0000",121.0000,422.0000,0.2867,0.2867
80,"1,337.0000",130.0000,449.0000,"1,337.0000",130.0000,449.0000,"1,337.0000",130.0000,449.0000,"1,337.0000",130.0000,449.0000,"1,337.0000",130.0000,449.0000,"1,337.0000",130.0000,449.0000,"1,337.0000",130.0000,449.0000,"1,337.0000",130.0000,449.0000,"1,337.0000",130.0000,449.0000,"1,337.0000",130.0000,449.0000,0.2895,0.2895
81,"1,338.0000",141.0000,480.0000,"1,338.0000",141.0000,480.0000,"1,338.0000",141.0000,480.0000,"1,338.0000",141.0000,480.0000,"1,338.0000",141.0000,480.0000,"1,338.0000",141.0000,480.0000,"1,338.0000",141.0000,480.0000,"1,338.0000",141.0000,480.0000,"1,338.0000",141.0000,480.0000,"1,338.0000",141.0000,480.0000,0.2938,0.2938
82,"1,337.0000",153.0000,514.0000,"1,337.0000",153.0000,514.0000,"1,337.0000",153.0000,514.0000,"1,337.0000",153.0000,514.0000,"1,337.0000",153.0000,514.0000,"1,337.0000",153.0000,514.0000,"1,337.0000",153.0000,514.0000,"1,337.0000",153.0000,514.0000,"1,337.0000",153.0000,514.0000,"1,337.0000",153.0000,514.0000,0.2977,0.2977
83,"1,338.0000",166.0000,554.0000,"1,338.0000",166.0000,554.0000,"1,338.0000",166.0000,554.0000,"1,338.0000",166.0000,554.0000,"1,338.0000",166.0000,554.0000,"1,338.0000",166.0000,554.0000,"1,338.0000",166.0000,554.0000,"1,338.0000",166.0000,554.0000,"1,338.0000",166.0000,554.0000,"1,338.0000",166.0000,554.0000,0.2996,0.2996
84,"1,337.0000",180.0000,597.0000,"1,337.0000",180.0000,597.0000,"1,337.0000",180.0000,597.0000,"1,337.0000",180.0000,597.0000,"1,337.0000",180.0000,597.0000,"1,337.0000",180.0000,597.0000,"1,337.0000",180.0000,597.0000,"1,337.0000",180.0000,597.0000,"1,337.0000",180.0000,597.0000,"1,337.0000",180.0000,597.0000,0.3015,0.3015
85,"1,338.0000",199.0000,649.0000,"1,338.0000",199.0000,649.0000,"1,338.0000",199.0000,649.0000,"1,338.0000",199.0000,649.0000,"1,338.0000",199.0000,649.0000,"1,338.0000",199.0000,649.0000,"1,338.0000",199.0000,649.0000,"1,338.0000",199.0000,649.0000,"1,338.0000",199.0000,649.0000,"1,338.0000",199.0000,649.0000,0.3066,0.3066
86,"1,337.0000",221.0000,711.0000,"1,337.0000",221.0000,711.0000,"1,337.0000",221.0000,711.0000,"1,337.0000",221.0000,711.0000,"1,337.0000",221.0000,711.0000,"1,337.0000",221.0000,711.0000,"1,337.0000",221.0000,711.0000,"1,337.0000",221.0000,711.0000,"1,337.0000",221.0000,711.0000,"1,337.0000",221.0000,711.0000,0.3108,0.3108
87,"1,338.0000",247.0000,785.0000,"1,338.0000",247.0000,785.0000,"1,338.0000",247.0000,785.0000,"1,338.0000",247.0000,785.0000,"1,338.0000",247.0000,785.0000,"1,338.0000",247.0000,785.0000,"1,338.0000",247.0000,785.0000,"1,338.0000",247.0000,785.0000,"1,338.0000",247.0000,785.0000,"1,338.0000",247.0000,785.0000,0.3146,0.3146
88,"1,337.0000",273.0000,869.0000,"1,337.0000",273.0000,869.0000,"1,337.0000",273.0000,869.0000,"1,337.0000",273.0000,869.0000,"1,337.0000",273.0000,869.0000,"1,337.0000",273.0000,869.0000,"1,337.0000",273.0000,869.0000,"1,337.0000",273.0000,869.0000,"1,337.0000",273.0000,869.0000,"1,337.0000",273.0000,869.0000,0.3142,0.3142
89,"1,338.0000",309.0000,972.0000,"1,338.0000",309.0000,972.0000,"1,338.0000",309.0000,972.0000,"1,338.0000",309.0000,972.0000,"1,338.0000",309.0000,972.0000,"1,338.0000",309.0000,972.0000,"1,338.0000",309.0000,972.0000,"1,338.0000",309.0000,972.0000,"1,338.0000",309.0000,972.0000,"1,338.0000",309.0000,972.0000,0.3179,0.3179
90,"1,337.0000",354.0000,"1,100.0000","1,337.0000",354.0000,"1,100.0000","1,337.0000",354.0000,"1,100.0000","1,337.0000",354.0000,"1,100.0000","1,337.0000",354.0000,"1,100.0000","1,337.0000",354.0000,"1,100.0000","1,337.0000",354.0000,"1,100.0000","1,337.0000",354.0000,"1,100.0000","1,337.0000",354.0000,"1,100.0000","1,337.0000",354.0000,"1,100.0000",0.3218,0.3218
91,"1,338.0000",410.0000,"1,257.0000","1,338.0000",410.0000,"1,257.0000","1,338.0000",410.0000,"1,257.0000","1,338.0000",410.0000,"1,257.0000","1,338.0000",410.0000,"1,257.0000","1,338.0000",410.0000,"1,257.0000","1,338.0000",410.0000,"1,257.0000","1,338.0000",410.0000,"1,257.0000","1,338.0000",410.0000,"1,257.0000","1,338.0000",410.0000,"1,257.0000",0.3262,0.3262
92,"1,337.0000",476.0000,"1,456.0000","1,337.0000",476.0000,"1,456.0000","1,337.0000",476.0000,"1,456.0000","1,337.0000",476.0000,"1,456.0000","1,337.0000",476.0000,"1,456.0000","1,337.0000",476.0000,"1,456.0000","1,337.0000",476.0000,"1,456.0000","1,337.0000",476.0000,"1,456.0000","1,337.0000",476.0000,"1,456.0000","1,337.0000",476.0000,"1,456.0000",0.3269,0.3269
93,"1,338.0000",563.0000,"1,710.0000","1,338.0000",563.0000,"1,710.0000","1,338.0000",563.0000,"1,710.0000","1,338.0000",563.0000,"1,710.0000","1,338.0000",563.0000,"1,710.0000","1,338.0000",563.0000,"1,710.0000","1,338.0000",563.0000,"1,710.0000","1,338.0000",563.0000,"1,710.0000","1,338.0000",563.0000,"1,710.0000","1,338.0000",563.0000,"1,710.0000",0.3292,0.3292
94,"1,337.0000",682.0000,"2,057.0000","1,337.0000",682.0000,"2,057.0000","1,337.0000",682.0000,"2,057.0000","1,337.0000",682.0000,"2,057.0000","1,337.0000",682.0000,"2,057.0000","1,337.0000",682.0000,"2,057.0000","1,337.0000",682.0000,"2,057.0000","1,337.0000",682.0000,"2,057.0000","1,337.0000",682.0000,"2,057.0000","1,337.0000",682.0000,"2,057.0000",0.3316,0.3316
95,"1,338.0000",844.0000,"2,527.0000","1,338.0000",844.0000,"2,527.0000","1,338.0000",844.0000,"2,527.0000","1,338.0000",844.0000,"2,527.0000","1,338.0000",844.0000,"2,527.0000","1,338.0000",844.0000,"2,527.0000","1,338.0000",844.0000,"2,527.0000","1,338.0000",844.0000,"2,527.0000","1,338.0000",844.0000,"2,527.0000","1,338.0000",844.0000,"2,527.0000",0.3340,0.3340
96,"1,337.0000","1,093.0000","3,261.0000","1,337.0000","1,093.0000","3,261.0000","1,337.0000","1,093.0000","3,261.0000","1,337.0000","1,093.0000","3,261.0000","1,337.0000","1,093.0000","3,261.0000","1,337.0000","1,093.0000","3,261.0000","1,337.0000","1,093.0000","3,261.0000","1,337.0000","1,093.0000","3,261.0000","1,337.0000","1,093.0000","3,261.0000","1,337.0000","1,093.0000","3,261.0000",0.3352,0.3352
97,"1,338.0000","1,566.0000","4,606.0000","1,338.0000","1,566.0000","4,606.0000","1,338.0000","1,566.0000","4,606.0000","1,338.0000","1,566.0000","4,606.0000","1,338.0000","1,566.0000","4,606.0000","1,338.0000","1,566.0000","4,606.0000","1,338.0000","1,566.0000","4,606.0000","1,338.0000","1,566.0000","4,606.0000","1,338.0000","1,566.0000","4,606.0000","1,338.0000","1,566.0000","4,606.0000",0.3400,0.3400
98,"1,337.0000","2,623.0000","7,674.0000","1,337.0000","2,623.0000","7,674.0000","1,337.0000","2,623.0000","7,674.0000","1,337.0000","2,623.0000","7,674.0000","1,337.0000","2,623.0000","7,674.0000","1,337.0000","2,623.0000","7,674.0000","1,337.0000","2,623.0000","7,674.0000","1,337.0000","2,623.0000","7,674.0000","1,337.0000","2,623.0000","7,674.0000","1,337.0000","2,623.0000","7,674.0000",0.3418,0.3418
99,"1,338.0000","13,416.0000","39,140.0000","1,338.0000","13,416.0000","39,140.0000","1,338.0000","13,416.0000","39,140.0000","1,338.0000","13,416.0000","39,140.0000","1,338.0000","13,416.0000","39,140.0000","1,338.0000","13,416.0000","39,140.0000","1,338.0000","13,416.0000","39,140.0000","1,338.0000","13,416.0000","39,140.0000","1,338.0000","13,416.0000","39,140.0000","1,338.0000","13,416.0000","39,140.0000",0.3428,0.3428
ALL,"133,749.0000","26,277.0000","70,280.0000","133,749.0000","26,277.0000","70,280.0000","133,749.0000","26,277.0000","70,280.0000","133,749.0000","26,277.0000","70,280.0000","133,749.0000","26,277.0000","70,280.0000","133,749.0000","26,277.0000","70,280.0000","133,749.0000","26,277.0000","70,280.0000","133,749.0000","26,277.0000","70,280.0000","133,749.0000","26,277.0000","70,280.0000","133,749.0000","26,277.0000","70,280.0000",0.3739,0.3739
